epoch,loss/ck_step,loss/noise_step,loss/post_step,loss/rec_step,loss/total_step,lr-Adam,step
,,,,,,0.00016,0
0,0.0,1.6318254470825195,0.3065386712551117,0.8838479518890381,2.150383949279785,,0
,,,,,,0.00016,1
0,0.0,0.7280690670013428,0.29437756538391113,0.8822007179260254,1.2427637577056885,,1
,,,,,,0.00016,2
0,0.0,0.9240947961807251,0.25789952278137207,0.8503047823905945,1.413722038269043,,2
,,,,,,0.00016,3
0,0.0,1.0385935306549072,0.2829698324203491,0.7968494296073914,1.507760763168335,,3
,,,,,,0.00016,4
0,0.0,0.34236860275268555,0.19360755383968353,0.763105571269989,0.7723232507705688,,4
,,,,,,0.00016,5
0,0.0,0.5536997318267822,0.23442205786705017,0.7123119235038757,0.9684611558914185,,5
,,,,,,0.00016,6
0,0.0,0.2751739025115967,0.14578942954540253,0.6601015329360962,0.6416720151901245,,6
,,,,,,0.00016,7
0,0.0,0.23657047748565674,0.16119259595870972,0.6325854063034058,0.5931613445281982,,7
,,,,,,0.00016,8
0,0.0,0.6737009882926941,0.23962554335594177,0.586476743221283,1.0268456935882568,,8
,,,,,,0.00016,9
0,0.0,0.5839734673500061,0.1990712583065033,0.5850169658660889,0.9262497425079346,,9
,,,,,,0.00016,10
0,0.0,0.6802887320518494,0.2088596522808075,0.5120512247085571,0.9885292649269104,,10
,,,,,,0.00016,11
0,0.0,0.48817262053489685,0.168673574924469,0.4651423394680023,0.7629122138023376,,11
,,,,,,0.00016,12
0,0.0,0.890343189239502,0.23352405428886414,0.44454652070999146,1.1709975004196167,,12
,,,,,,0.00016,13
0,0.0,0.19177691638469696,0.12382492423057556,0.44693681597709656,0.4462015628814697,,13
,,,,,,0.00016,14
0,0.0,0.3143935203552246,0.15710331499576569,0.4128085970878601,0.5600736141204834,,14
,,,,,,0.00016,15
0,0.0,0.14755582809448242,0.1255626082420349,0.3483748435974121,0.3531339168548584,,15
,,,,,,0.00016,16
0,0.0,0.055343665182590485,0.09050355851650238,0.3477710485458374,0.2518550753593445,,16
,,,,,,0.00016,17
0,0.0,0.06981585919857025,0.08295633643865585,0.3175428509712219,0.24932637810707092,,17
,,,,,,0.00016,18
0,0.0,0.2585240602493286,0.10879741609096527,0.3402884900569916,0.4558676481246948,,18
,,,,,,0.00016,19
0,0.0,0.32952460646629333,0.1541948914527893,0.2711239755153656,0.5036353468894958,,19
,,,,,,0.00016,20
0,0.0,0.02416084334254265,0.07032756507396698,0.2951802909374237,0.18933287262916565,,20
,,,,,,0.00016,21
0,0.0,0.05273265391588211,0.07495120167732239,0.29762759804725647,0.22028425335884094,,21
,,,,,,0.00016,22
0,0.0,0.09531575441360474,0.08240947127342224,0.27370476722717285,0.2527705132961273,,22
,,,,,,0.00016,23
0,0.0,0.04601971432566643,0.0699971616268158,0.2782806158065796,0.20265930891036987,,23
,,,,,,0.00016,24
0,0.0,0.1246567964553833,0.0771586149930954,0.2764451205730438,0.28216901421546936,,24
,,,,,,0.00016,25
0,0.0,0.1511436104774475,0.096453458070755,0.24916031956672668,0.2998371124267578,,25
,,,,,,0.00016,26
0,0.0,0.16080498695373535,0.09838642179965973,0.2423204630613327,0.30656182765960693,,26
,,,,,,0.00016,27
0,0.0,0.1458801031112671,0.09009435772895813,0.23599088191986084,0.28639912605285645,,27
,,,,,,0.00016,28
0,0.0,0.05076666921377182,0.05738520249724388,0.2080349624156952,0.16913044452667236,,28
,,,,,,0.00016,29
0,0.0,0.04808206483721733,0.056351080536842346,0.17985722422599792,0.15209844708442688,,29
,,,,,,0.00016,30
0,0.0,0.05337292701005936,0.054217420518398285,0.19372740387916565,0.1637909859418869,,30
,,,,,,0.00016,31
0,0.0,0.0039055231027305126,0.035079360008239746,0.20111727714538574,0.11323399841785431,,31
,,,,,,0.00016,32
0,0.0,0.021274661645293236,0.04279220849275589,0.18138527870178223,0.12266535311937332,,32
,,,,,,0.00016,33
0,0.0,0.05106433480978012,0.06467237323522568,0.18390671908855438,0.15918579697608948,,33
,,,,,,0.00016,34
0,0.0,0.010610902681946754,0.045459143817424774,0.176425039768219,0.11018820852041245,,34
,,,,,,0.00016,35
0,0.0,0.03138933330774307,0.054303862154483795,0.17219042778015137,0.13106051087379456,,35
,,,,,,0.00016,36
0,0.0,0.08323482424020767,0.07181978225708008,0.15965351462364197,0.18101653456687927,,36
,,,,,,0.00016,37
0,0.0,0.059450432658195496,0.056862764060497284,0.15678994357585907,0.1520611047744751,,37
,,,,,,0.00016,38
0,0.0,0.07453345507383347,0.07450605183839798,0.14323429763317108,0.16477711498737335,,38
,,,,,,0.00016,39
0,0.0,0.003263363614678383,0.026742544025182724,0.14223510026931763,0.0810665488243103,,39
,,,,,,0.00016,40
0,0.0,0.03171543776988983,0.042247842997312546,0.14682218432426453,0.11568848788738251,,40
,,,,,,0.00016,41
0,0.0,0.02016672119498253,0.03801829367876053,0.13569459319114685,0.09751859307289124,,41
,,,,,,0.00016,42
0,0.0,0.04048541933298111,0.05023331567645073,0.13456517457962036,0.12032634019851685,,42
,,,,,,0.00016,43
0,0.0,0.01767246052622795,0.03842795640230179,0.11715363711118698,0.08585626631975174,,43
,,,,,,0.00016,44
0,0.0,0.08018752187490463,0.07114911079406738,0.11510124057531357,0.15552541613578796,,44
,,,,,,0.00016,45
0,0.0,0.028316378593444824,0.0388888381421566,0.1221231073141098,0.09910014271736145,,45
,,,,,,0.00016,46
0,0.0,0.021240171045064926,0.037725627422332764,0.10434406250715256,0.0828436091542244,,46
,,,,,,0.00016,47
0,0.0,0.012822131626307964,0.03451800346374512,0.10956355184316635,0.07623340934515,,47
,,,,,,0.00016,48
0,0.0,0.05402842164039612,0.053577713668346405,0.10204415023326874,0.11844492703676224,,48
,,,,,,0.00016,49
0,0.0,0.007262567989528179,0.02275117300450802,0.10826931893825531,0.06708502024412155,,49
,,,,,,0.00016,50
0,0.0,0.023936137557029724,0.0343533493578434,0.09997069835662842,0.08250982314348221,,50
,,,,,,0.00016,51
0,0.0,0.02740824595093727,0.04395413026213646,0.10263972729444504,0.08971664309501648,,51
,,,,,,0.00016,52
0,0.0,0.03104076161980629,0.04166295751929283,0.0918647050857544,0.08738885819911957,,52
,,,,,,0.00016,53
0,0.0,0.003992436453700066,0.019529059529304504,0.09228884428739548,0.05501912534236908,,53
,,,,,,0.00016,54
0,0.0,0.00713887345045805,0.019316736608743668,0.09884580969810486,0.061390962451696396,,54
,,,,,,0.00016,55
0,0.0,0.009347643703222275,0.026523079723119736,0.08427798002958298,0.05811740458011627,,55
,,,,,,0.00016,56
0,0.0,0.003669562516734004,0.01784053072333336,0.07925640046596527,0.047757893800735474,,56
,,,,,,0.00016,57
0,0.0,0.03404343128204346,0.03859807178378105,0.08046255260705948,0.08392422646284103,,57
,,,,,,0.00016,58
0,0.0,0.020660407841205597,0.0323014073073864,0.07877757400274277,0.06812454760074615,,58
,,,,,,0.00016,59
0,0.0,0.013264189474284649,0.030160754919052124,0.07530078291893005,0.05845477059483528,,59
,,,,,,0.00016,60
0,0.0,0.016253437846899033,0.03067004308104515,0.07349943369626999,0.06067066639661789,,60
,,,,,,0.00016,61
0,0.0,0.00883965939283371,0.022434763610363007,0.07581275701522827,0.052354730665683746,,61
,,,,,,0.00016,62
0,0.0,0.0064851343631744385,0.01972661353647709,0.07637864351272583,0.04960610717535019,,62
,,,,,,0.00016,63
0,0.0,0.01029416173696518,0.02340335212647915,0.07314913719892502,0.05271957069635391,,63
,,,,,,0.00016,64
0,0.0,0.0020202165469527245,0.01717868261039257,0.07134008407592773,0.041984930634498596,,64
,,,,,,0.00016,65
0,0.0,0.006097016390413046,0.019510552287101746,0.06239241361618042,0.04217085987329483,,65
,,,,,,0.00016,66
0,0.0,0.003703559748828411,0.014106620103120804,0.06979979574680328,0.042130112648010254,,66
,,,,,,0.00016,67
0,0.0,0.008100779727101326,0.01812945120036602,0.05952449142932892,0.04239539057016373,,67
,,,,,,0.00016,68
0,0.0,0.0019284386653453112,0.013262523338198662,0.06326637417078018,0.03687725588679314,,68
,,,,,,0.00016,69
0,0.0,0.02137344889342785,0.02962201088666916,0.06035603582859039,0.058956969529390335,,69
,,,,,,0.00016,70
0,0.0,0.022894810885190964,0.024420417845249176,0.06001373380422592,0.05900678038597107,,70
,,,,,,0.00016,71
0,0.0,0.007409436162561178,0.019255880266427994,0.0563468337059021,0.04039682447910309,,71
,,,,,,0.00016,72
0,0.0,0.0031092583667486906,0.016020603477954865,0.0566541813313961,0.03544149920344353,,72
,,,,,,0.00016,73
0,0.0,0.0019317062105983496,0.01156703382730484,0.05345762521028519,0.0315522775053978,,73
,,,,,,0.00016,74
0,0.0,0.006556611508131027,0.01497177965939045,0.06218104064464569,0.0413900762796402,,74
,,,,,,0.00016,75
0,0.0,0.016102362424135208,0.02439093589782715,0.047446317970752716,0.04592325538396835,,75
,,,,,,0.00016,76
0,0.0,0.007846965454518795,0.01704910583794117,0.0550975427031517,0.039658013731241226,,76
,,,,,,0.00016,77
0,0.0,0.012926164083182812,0.022006375715136528,0.05079552158713341,0.04382551833987236,,77
,,,,,,0.00016,78
0,0.0,0.007976779714226723,0.016727205365896225,0.05163901299238205,0.03797808662056923,,78
,,,,,,0.00016,79
0,0.0,0.009226861409842968,0.018107634037733078,0.04756684601306915,0.03753719478845596,,79
,,,,,,0.00016,80
0,0.0,0.0031341267749667168,0.012324950657784939,0.052692919969558716,0.03256182372570038,,80
,,,,,,0.00016,81
0,0.0,0.005029255524277687,0.011416420340538025,0.05476805567741394,0.03526739031076431,,81
,,,,,,0.00016,82
0,0.0,0.008918870240449905,0.015341023914515972,0.04928964376449585,0.03739894926548004,,82
,,,,,,0.00016,83
0,0.0,0.010886683128774166,0.017593536525964737,0.03828716278076172,0.03442864865064621,,83
,,,,,,0.00016,84
0,0.0,0.005063710734248161,0.013621756806969643,0.03877712041139603,0.027857709676027298,,84
,,,,,,0.00016,85
0,0.0,0.0011459642555564642,0.008719639852643013,0.04736281558871269,0.02700728178024292,,85
,,,,,,0.00016,86
0,0.0,0.013272782787680626,0.01795313134789467,0.03630515933036804,0.03591364622116089,,86
,,,,,,0.00016,87
0,0.0,0.0019421798642724752,0.0073697129264473915,0.04510946199297905,0.026339339092373848,,87
,,,,,,0.00016,88
0,0.0,0.007781371008604765,0.013142352923750877,0.04289760813117027,0.032515764236450195,,88
,,,,,,0.00016,89
0,0.0,0.005566338077187538,0.014444118365645409,0.04863002523779869,0.033492378890514374,,89
,,,,,,0.00016,90
0,0.0,0.003807611297816038,0.011753318831324577,0.04309746250510216,0.028294671326875687,,90
,,,,,,0.00016,91
0,0.0,0.007681035902351141,0.014489889144897461,0.039362676441669464,0.030984846875071526,,91
,,,,,,0.00016,92
0,0.0,0.0025029643438756466,0.010322017595171928,0.04415031522512436,0.027158625423908234,,92
,,,,,,0.00016,93
0,0.0,0.013144153170287609,0.01405611913651228,0.035259321331977844,0.034287843853235245,,93
,,,,,,0.00016,94
0,0.0,0.010765551589429379,0.016017315909266472,0.03429166227579117,0.031915709376335144,,94
,,,,,,0.00016,95
0,0.0,0.002236512955278158,0.008239476941525936,0.038321252912282944,0.023457009345293045,,95
,,,,,,0.00016,96
0,0.0,0.003607103368267417,0.011219901964068413,0.041637249290943146,0.027230702340602875,,96
,,,,,,0.00016,97
0,0.0,0.006687350571155548,0.010658662766218185,0.03637608140707016,0.02754005789756775,,97
,,,,,,0.00016,98
0,0.0,0.00463138148188591,0.011737297289073467,0.04001827538013458,0.027574844658374786,,98
,,,,,,0.00016,99
0,0.0,0.009957677684724331,0.013307703658938408,0.03498667851090431,0.0307779423892498,,99
,,,,,,0.00016,100
0,0.0,0.004234520252794027,0.011598190292716026,0.03843940794467926,0.02635377272963524,,100
,,,,,,0.00016,101
0,0.0,0.016972430050373077,0.01585719734430313,0.02771860361099243,0.03479602932929993,,101
,,,,,,0.00016,102
0,0.0,0.009843619540333748,0.012913277372717857,0.028579561039805412,0.02736172080039978,,102
,,,,,,0.00016,103
0,0.0,0.0031708809547126293,0.00939492043107748,0.03502073884010315,0.023029979318380356,,103
,,,,,,0.00016,104
0,0.0,0.004445340484380722,0.010593987070024014,0.03374097868800163,0.023964326828718185,,104
,,,,,,0.00016,105
0,0.0,0.0033169728703796864,0.00893456768244505,0.023574549704790115,0.017337888479232788,,105
,,,,,,0.00016,106
0,0.0,0.0035490801092237234,0.010594791732728481,0.04144511744379997,0.026920337229967117,,106
,,,,,,0.00016,107
0,0.0,0.014597910456359386,0.013620756566524506,0.03123381733894348,0.03362000733613968,,107
,,,,,,0.00016,108
0,0.0,0.004637747071683407,0.008427598513662815,0.035199232399463654,0.02434426173567772,,108
,,,,,,0.00016,109
0,0.0,0.005223553627729416,0.011475374922156334,0.040963973850011826,0.0285743847489357,,109
,,,,,,0.00016,110
0,0.0,0.0022022139746695757,0.007979795336723328,0.02639668993651867,0.0173955075442791,,110
,,,,,,0.00016,111
0,0.0,0.010922623798251152,0.012678342871367931,0.032425351440906525,0.030304886400699615,,111
,,,,,,0.00016,112
0,0.0,0.008588491007685661,0.011988788843154907,0.025367384776473045,0.024269379675388336,,112
,,,,,,0.00016,113
0,0.0,0.0025900700129568577,0.007939834147691727,0.03632529824972153,0.02273767814040184,,113
,,,,,,0.00016,114
0,0.0,0.005221121944487095,0.01077936589717865,0.03701098635792732,0.026421457529067993,,114
,,,,,,0.00016,115
0,0.0,0.004233130253851414,0.009224233217537403,0.04220206290483475,0.027640219777822495,,115
,,,,,,0.00016,116
0,0.0,0.0032722256146371365,0.007799327373504639,0.027597635984420776,0.01902087591588497,,116
,,,,,,0.00016,117
0,0.0,0.00952330231666565,0.010325743816792965,0.02663927897810936,0.025424377992749214,,117
,,,,,,0.00016,118
0,0.0,0.008658800274133682,0.011083297431468964,0.02059783786535263,0.02172854356467724,,118
,,,,,,0.00016,119
0,0.0,0.005187957547605038,0.00850406102836132,0.026464959606528282,0.020546453073620796,,119
,,,,,,0.00016,120
0,0.0,0.0031482987105846405,0.007308715023100376,0.026088621467351913,0.018019787967205048,,120
,,,,,,0.00016,121
0,0.0,0.00039787631249055266,0.005291829816997051,0.0333249568939209,0.018383312970399857,,121
,,,,,,0.00016,122
0,0.0,0.008508841507136822,0.010406607761979103,0.02636474370956421,0.02429286576807499,,122
,,,,,,0.00016,123
0,0.0,0.009560237638652325,0.010318741202354431,0.028466738760471344,0.02637329325079918,,123
,,,,,,0.00016,124
0,0.0,0.00046198623022064567,0.004696269519627094,0.03056914173066616,0.016920624300837517,,124
,,,,,,0.00016,125
0,0.0,0.007859530858695507,0.008708584122359753,0.01836354285478592,0.01921844854950905,,125
,,,,,,0.00016,126
0,0.0,0.006367500405758619,0.008277833461761475,0.01862562820315361,0.01774977333843708,,126
,,,,,,0.00016,127
0,0.0,0.005982669070363045,0.008916819468140602,0.034599218517541885,0.02551148273050785,,127
,,,,,,0.00016,128
0,0.0,0.0034374664537608624,0.006620484869927168,0.018904326483607292,0.01454475149512291,,128
,,,,,,0.00016,129
0,0.0,0.003002591198310256,0.007141374982893467,0.028219856321811676,0.01889786310493946,,129
,,,,,,0.00016,130
0,0.0,0.0010250373743474483,0.0055733248591423035,0.0228086169809103,0.013822676613926888,,130
,,,,,,0.00016,131
0,0.0,0.0045622591860592365,0.007739455904811621,0.022923385724425316,0.01795881614089012,,131
,,,,,,0.00016,132
0,0.0,0.0067139072343707085,0.007932174950838089,0.028223562985658646,0.022808732464909554,,132
,,,,,,0.00016,133
0,0.0,0.006721931509673595,0.009512755088508129,0.025399088859558105,0.021799664944410324,,133
,,,,,,0.00016,134
0,0.0,0.01858890801668167,0.013993828557431698,0.02522612176835537,0.0347004272043705,,134
,,,,,,0.00016,135
0,0.0,0.005498304031789303,0.010199146345257759,0.03640921413898468,0.02625269815325737,,135
,,,,,,0.00016,136
0,0.0,0.0006782172131352127,0.004822778515517712,0.031097635626792908,0.01743273064494133,,136
,,,,,,0.00016,137
0,0.0,0.0034506539814174175,0.0064657581970095634,0.027079764753580093,0.01860697567462921,,137
,,,,,,0.00016,138
0,0.0,0.010956152342259884,0.011842502281069756,0.03574041649699211,0.03178698569536209,,138
,,,,,,0.00016,139
0,0.0,0.0035597102250903845,0.008422871120274067,0.02697250247001648,0.019151680171489716,,139
,,,,,,0.00016,140
0,0.0,0.009306281805038452,0.009340881370007992,0.026386942714452744,0.024834973737597466,,140
,,,,,,0.00016,141
0,0.0,0.008013354614377022,0.011216796934604645,0.02850469946861267,0.02506990358233452,,141
,,,,,,0.00016,142
0,0.0,0.0029947198927402496,0.0068510789424180984,0.03128409385681152,0.02034953609108925,,142
,,,,,,0.00016,143
0,0.0,0.0029739129822701216,0.008344175294041634,0.03388291597366333,0.022001415491104126,,143
,,,,,,0.00016,144
0,0.0,0.002765800803899765,0.005393135827034712,0.021144602447748184,0.014686386100947857,,144
,,,,,,0.00016,145
0,0.0,0.005997806787490845,0.008662335574626923,0.022317074239253998,0.019321927800774574,,145
,,,,,,0.00016,146
0,0.0,0.001097896951250732,0.004444008693099022,0.025989798828959465,0.015203798189759254,,146
,,,,,,0.00016,147
0,0.0,0.006974251475185156,0.008114729076623917,0.018700789660215378,0.018353328108787537,,147
,,,,,,0.00016,148
0,0.0,0.0043523614294826984,0.005875823553651571,0.013604387640953064,0.012623511254787445,,148
,,,,,,0.00016,149
0,0.0,0.00759534677490592,0.007743091322481632,0.023495730012655258,0.0212789848446846,,149
,,,,,,0.00016,150
0,0.0,0.010403132066130638,0.007540847174823284,0.020407207310199738,0.022491946816444397,,150
,,,,,,0.00016,151
0,0.0,0.0022457174491137266,0.00869431160390377,0.037654370069503784,0.023246480152010918,,151
,,,,,,0.00016,152
0,0.0,0.00926113873720169,0.007965771481394768,0.028246713802218437,0.025375939905643463,,152
,,,,,,0.00016,153
0,0.0,0.004264858551323414,0.007673843763768673,0.022083424031734467,0.017225030809640884,,153
,,,,,,0.00016,154
0,0.0,0.007036959752440453,0.009429899975657463,0.02573639713227749,0.022262632846832275,,154
,,,,,,0.00016,155
0,0.0,0.004868764895945787,0.008509412407875061,0.026432029902935028,0.02021213248372078,,155
,,,,,,0.00016,156
0,0.0,0.009171567857265472,0.008754069916903973,0.020293960347771645,0.02150706574320793,,156
,,,,,,0.00016,157
0,0.0,0.008930707350373268,0.008908284828066826,0.01851397380232811,0.020414765924215317,,157
,,,,,,0.00016,158
0,0.0,0.006618046667426825,0.0081495251506567,0.028776787221431732,0.02304382249712944,,158
,,,,,,0.00016,159
0,0.0,0.004995917435735464,0.009602819569408894,0.03379618003964424,0.024294711649417877,,159
,,,,,,0.00016,160
0,0.0,0.015711938962340355,0.011961258016526699,0.023962711915373802,0.03068361058831215,,160
,,,,,,0.00016,161
0,0.0,0.009683514013886452,0.010004691779613495,0.022484879940748215,0.023427126929163933,,161
,,,,,,0.00016,162
0,0.0,0.002948388224467635,0.00887373834848404,0.040628764778375626,0.0254812054336071,,162
,,,,,,0.00016,163
0,0.0,0.0015795964282006025,0.0048072305507957935,0.020161351189017296,0.01286207977682352,,163
,,,,,,0.00016,164
0,0.0,0.005785404704511166,0.006864817347377539,0.020797066390514374,0.017900142818689346,,164
,,,,,,0.00016,165
0,0.0,0.02382342517375946,0.013514338061213493,0.0182795487344265,0.03634178638458252,,165
,,,,,,0.00016,166
0,0.0,0.00805695727467537,0.008363323286175728,0.023411434143781662,0.021853504702448845,,166
,,,,,,0.00016,167
0,0.0,0.001966035459190607,0.007344817742705345,0.029786765575408936,0.01869562268257141,,167
,,,,,,0.00016,168
0,0.0,0.009153928607702255,0.008437136188149452,0.02171233296394348,0.02211937867105007,,168
,,,,,,0.00016,169
0,0.0,0.0032833635341376066,0.007422309368848801,0.023137947544455528,0.01670791581273079,,169
,,,,,,0.00016,170
0,0.0,0.0030459824483841658,0.0064120227470994,0.02811480686068535,0.018706392496824265,,170
,,,,,,0.00016,171
0,0.0,0.004174036905169487,0.006970240734517574,0.02508292719721794,0.018458060920238495,,171
,,,,,,0.00016,172
0,0.0,0.0032664339523762465,0.005247707478702068,0.02036202698945999,0.014759374782443047,,172
,,,,,,0.00016,173
0,0.0,0.002779788337647915,0.006103137042373419,0.02188022993505001,0.01524568721652031,,173
,,,,,,0.00016,174
0,0.0,0.021443955600261688,0.013180052861571312,0.022147562354803085,0.035812750458717346,,174
,,,,,,0.00016,175
0,0.0,0.00492315087467432,0.007585992105305195,0.02202865481376648,0.017833976075053215,,175
,,,,,,0.00016,176
0,0.0,0.003610981162637472,0.009334392845630646,0.03140950947999954,0.021649334579706192,,176
,,,,,,0.00016,177
0,0.0,0.0012161361519247293,0.00486771622672677,0.022090142592787743,0.013478136621415615,,177
,,,,,,0.00016,178
0,0.0,0.006378496997058392,0.008007291704416275,0.018732434138655663,0.017746537923812866,,178
,,,,,,0.00016,179
0,0.0,0.006478440016508102,0.008761846460402012,0.03210379183292389,0.024720797315239906,,179
,,,,,,0.00016,180
0,0.0,0.00043684005504474044,0.0033445958979427814,0.026080770418047905,0.01431337371468544,,180
,,,,,,0.00016,181
0,0.0,0.0015689947176724672,0.0035732826218008995,0.014140678569674492,0.009532654657959938,,181
,,,,,,0.00016,182
0,0.0,0.00784191582351923,0.007461114786565304,0.014430370181798935,0.01692238077521324,,182
,,,,,,0.00016,183
0,0.0,0.004976063966751099,0.009220052510499954,0.028707783669233322,0.021634969860315323,,183
,,,,,,0.00016,184
0,0.0,0.0005880467942915857,0.004145647399127483,0.026460569351911545,0.014854743145406246,,184
,,,,,,0.00016,185
0,0.0,0.002583960071206093,0.006414075382053852,0.02356453239917755,0.015969745814800262,,185
,,,,,,0.00016,186
0,0.0,0.013224249705672264,0.010825427249073982,0.021558275446295738,0.026709742844104767,,186
,,,,,,0.00016,187
0,0.0,0.004469021689146757,0.0074589792639017105,0.021133407950401306,0.016900470480322838,,187
,,,,,,0.00016,188
0,0.0,0.008984314277768135,0.007487499620765448,0.01738334447145462,0.01954786106944084,,188
,,,,,,0.00016,189
0,0.0,0.008302615955471992,0.008070927113294601,0.021277304738759995,0.020959001034498215,,189
,,,,,,0.00016,190
0,0.0,0.004448005463927984,0.008279758505523205,0.034933894872665405,0.023984892293810844,,190
,,,,,,0.00016,191
0,0.0,0.009483058005571365,0.010566032491624355,0.023499570786952972,0.023874351754784584,,191
,,,,,,0.00016,192
0,0.0,0.00010236802336294204,0.002970300614833832,0.021672576665878296,0.011681231670081615,,192
,,,,,,0.00016,193
0,0.0,0.005048353690654039,0.008537841960787773,0.026149144396185875,0.020257387310266495,,193
,,,,,,0.00016,194
0,0.0,0.005773655138909817,0.007665903307497501,0.02092846855521202,0.018154364079236984,,194
,,,,,,0.00016,195
0,0.0,0.002864300040528178,0.005176774226129055,0.018426500260829926,0.013371743261814117,,195
,,,,,,0.00016,196
0,0.0,0.004586055409163237,0.006692917551845312,0.028519943356513977,0.020519256591796875,,196
,,,,,,0.00016,197
0,0.0,0.0019529187120497227,0.004831913858652115,0.015869712457060814,0.011095752939581871,,197
,,,,,,0.00016,198
0,0.0,0.0013491834979504347,0.004487892147153616,0.01947794482111931,0.012210128828883171,,198
,,,,,,0.00016,199
0,0.0,0.001422333880327642,0.004200516268610954,0.019860299304127693,0.012402612715959549,,199
,,,,,,0.00016,200
0,0.0,0.0029514783527702093,0.00638895109295845,0.022023849189281464,0.015560640953481197,,200
,,,,,,0.00016,201
0,0.0,0.006508379243314266,0.009690966457128525,0.03247520327568054,0.02516872249543667,,201
,,,,,,0.00016,202
0,0.0,0.0016652713529765606,0.006313066929578781,0.024466916918754578,0.015476996079087257,,202
,,,,,,0.00016,203
0,0.0,0.009320972487330437,0.00988565944135189,0.02525148168206215,0.02441812865436077,,203
,,,,,,0.00016,204
0,0.0,0.0030675367452204227,0.006193462759256363,0.019992243498563766,0.014612024649977684,,204
,,,,,,0.00016,205
0,0.0,0.0013658907264471054,0.005254440009593964,0.0236316230148077,0.014495312236249447,,205
,,,,,,0.00016,206
0,0.0,0.005455769598484039,0.005869672633707523,0.021851077675819397,0.017848726361989975,,206
,,,,,,0.00016,207
0,0.0,0.000969777989666909,0.005548122804611921,0.02882256917655468,0.016768094152212143,,207
,,,,,,0.00016,208
0,0.0,0.0011438786750659347,0.004969104193150997,0.034528329968452454,0.01965031959116459,,208
,,,,,,0.00016,209
0,0.0,0.006620391737669706,0.007736828178167343,0.019113561138510704,0.018111377954483032,,209
,,,,,,0.00016,210
0,0.0,0.004214608576148748,0.005515596829354763,0.02401183545589447,0.017599426209926605,,210
,,,,,,0.00016,211
0,0.0,0.0002061503764707595,0.003929822240024805,0.03163114935159683,0.01700418069958687,,211
,,,,,,0.00016,212
0,0.0,0.01584487408399582,0.011931171640753746,0.02276044338941574,0.030207889154553413,,212
,,,,,,0.00016,213
0,0.0,0.0007702786242589355,0.006398849189281464,0.03592574596405029,0.020332863554358482,,213
,,,,,,0.00016,214
0,0.0,0.003408034099265933,0.007132686674594879,0.02800942212343216,0.01919591799378395,,214
,,,,,,0.00016,215
0,0.0,0.008523323573172092,0.009052079170942307,0.02102367952466011,0.021298183128237724,,215
,,,,,,0.00016,216
0,0.0,0.007289748638868332,0.008538147434592247,0.01855955645442009,0.018704064190387726,,216
,,,,,,0.00016,217
0,0.0,0.008322736248373985,0.007507562171667814,0.01775738224387169,0.019078318029642105,,217
,,,,,,0.00016,218
0,0.0,0.014617681503295898,0.012625494971871376,0.028217118233442307,0.03188261389732361,,218
,,,,,,0.00016,219
0,0.0,0.005379720591008663,0.00852982234209776,0.023991597816348076,0.01950797438621521,,219
,,,,,,0.00016,220
0,0.0,0.001133263111114502,0.006165386643260717,0.027611803263425827,0.01648051105439663,,220
,,,,,,0.00016,221
0,0.0,0.0017572793876752257,0.005968078039586544,0.025923466309905052,0.01621103286743164,,221
,,,,,,0.00016,222
0,0.0,0.008272371254861355,0.008469939231872559,0.02334880456328392,0.02206425741314888,,222
,,,,,,0.00016,223
0,0.0,0.005800129845738411,0.009040677919983864,0.02628811076283455,0.021204354241490364,,223
,,,,,,0.00016,224
0,0.0,0.0024702379014343023,0.005076377186924219,0.019140291959047318,0.013309478759765625,,224
,,,,,,0.00016,225
0,0.0,0.007674334570765495,0.009170117788016796,0.018491756170988083,0.019212741404771805,,225
,,,,,,0.00016,226
0,0.0,0.0031049991957843304,0.005880711600184441,0.020682858303189278,0.01491660624742508,,226
,,,,,,0.00016,227
0,0.0,0.006241281516849995,0.008675932884216309,0.025860752910375595,0.021340642124414444,,227
,,,,,,0.00016,228
0,0.0,0.005655791610479355,0.00773168308660388,0.022004004567861557,0.018590714782476425,,228
,,,,,,0.00016,229
0,0.0,0.007674406282603741,0.008418694138526917,0.021372860297560692,0.020465509966015816,,229
,,,,,,0.00016,230
0,0.0,0.004234072286635637,0.007116834633052349,0.020712731406092644,0.016369646415114403,,230
,,,,,,0.00016,231
0,0.0,0.005489964969456196,0.0062164925038814545,0.017411282286047935,0.015749730169773102,,231
,,,,,,0.00016,232
0,0.0,0.0019368475768715143,0.00708423089236021,0.0341515950858593,0.02078370377421379,,232
,,,,,,0.00016,233
0,0.0,0.006900310050696135,0.005674711894243956,0.01188146136701107,0.014259718358516693,,233
,,,,,,0.00016,234
0,0.0,0.003068979363888502,0.006325600668787956,0.019566653296351433,0.014433706179261208,,234
,,,,,,0.00016,235
0,0.0,0.00842469185590744,0.008984912186861038,0.02207764983177185,0.02170974388718605,,235
,,,,,,0.00016,236
0,0.0,0.007154637482017279,0.007510325871407986,0.02267894148826599,0.0203716903924942,,236
,,,,,,0.00016,237
0,0.0,0.00018045234901364893,0.003415128216147423,0.024582630023360252,0.01332554966211319,,237
,,,,,,0.00016,238
0,0.0,0.0009299883968196809,0.004648135043680668,0.026912366971373558,0.015548205934464931,,238
,,,,,,0.00016,239
0,0.0,0.008270657621324062,0.008874576538801193,0.02542642317712307,0.02320251241326332,,239
,,,,,,0.00016,240
0,0.0,0.004370541777461767,0.007539783604443073,0.03202005475759506,0.022265516221523285,,240
,,,,,,0.00016,241
0,0.0,0.0002128377673216164,0.0030844900757074356,0.016658786684274673,0.009313353337347507,,241
,,,,,,0.00016,242
0,0.0,0.0015618326142430305,0.0069239139556884766,0.029306046664714813,0.01794583350419998,,242
,,,,,,0.00016,243
0,0.0,0.0026599117554724216,0.006339956074953079,0.020674727857112885,0.014582265168428421,,243
,,,,,,0.00016,244
0,0.0,0.0034173610620200634,0.006457659415900707,0.02432529255747795,0.017194421961903572,,244
,,,,,,0.00016,245
0,0.0,0.007193773053586483,0.00852847471833229,0.018039628863334656,0.018345706164836884,,245
,,,,,,0.00016,246
0,0.0,0.0055829742923378944,0.006809845566749573,0.01928803324699402,0.016929451376199722,,246
,,,,,,0.00016,247
0,0.0,0.002913114381954074,0.006499904207885265,0.025215640664100647,0.017145911231637,,247
,,,,,,0.00016,248
0,0.0,0.009308560751378536,0.007483853027224541,0.016735222190618515,0.01954713463783264,,248
,,,,,,0.00016,249
0,0.0,0.0018046421464532614,0.006620937027037144,0.027708858251571655,0.017314305528998375,,249
,,,,,,0.00016,250
0,0.0,0.0024661095812916756,0.006067930720746517,0.023183800280094147,0.015574992634356022,,250
,,,,,,0.00016,251
0,0.0,0.00700098741799593,0.0065780943259596825,0.013839729130268097,0.015565375797450542,,251
,,,,,,0.00016,252
0,0.0,0.002541367430239916,0.006158815231174231,0.02820611372590065,0.018184129148721695,,252
,,,,,,0.00016,253
0,0.0,0.003891333471983671,0.006139381788671017,0.017182664945721626,0.014017511159181595,,253
,,,,,,0.00016,254
0,0.0,0.004833832383155823,0.006890260614454746,0.017818253487348557,0.015465524047613144,,254
,,,,,,0.00016,255
0,0.0,0.006634172052145004,0.009243866428732872,0.02658156305551529,0.022235920652747154,,255
,,,,,,0.00016,256
0,0.0,0.007149859331548214,0.007518678437918425,0.021697714924812317,0.019878387451171875,,256
,,,,,,0.00016,257
0,0.0,0.002534720813855529,0.003426342038437724,0.013471442274749279,0.01012702751904726,,257
,,,,,,0.00016,258
0,0.0,0.004626976326107979,0.006595881190150976,0.021915066987276077,0.017233479768037796,,258
,,,,,,0.00016,259
0,0.0,0.002927569206804037,0.005723788868635893,0.019886348396539688,0.014301691204309464,,259
,,,,,,0.00016,260
0,0.0,0.01243840716779232,0.01125834695994854,0.022318195551633835,0.02641209214925766,,260
,,,,,,0.00016,261
0,0.0,0.009070789441466331,0.012593894265592098,0.03542208671569824,0.02993030659854412,,261
,,,,,,0.00016,262
0,0.0,0.00386424595490098,0.006737732794135809,0.021247677505016327,0.016172517091035843,,262
,,,,,,0.00016,263
0,0.0,0.00419528316706419,0.00649116700515151,0.019539732486009598,0.015587940812110901,,263
,,,,,,0.00016,264
0,0.0,0.008721101097762585,0.009284359402954578,0.026353586465120316,0.024218983948230743,,264
,,,,,,0.00016,265
0,0.0,0.004906000103801489,0.006780295632779598,0.024291835725307465,0.018746990710496902,,265
,,,,,,0.00016,266
0,0.0,0.012086059898138046,0.009820973500609398,0.016817230731248856,0.02294991910457611,,266
,,,,,,0.00016,267
0,0.0,0.011700799688696861,0.009958816692233086,0.01872672513127327,0.023553866893053055,,267
,,,,,,0.00016,268
0,0.0,0.0036666959058493376,0.006086507346481085,0.02836214005947113,0.019369393587112427,,268
,,,,,,0.00016,269
0,0.0,0.0035846768878400326,0.006597867235541344,0.02569691464304924,0.018082600086927414,,269
,,,,,,0.00016,270
0,0.0,0.0012465834151953459,0.0048645418137311935,0.025536324828863144,0.015230881050229073,,270
,,,,,,0.00016,271
0,0.0,0.0020003588870167732,0.003493265714496374,0.014122908934950829,0.009935129433870316,,271
,,,,,,0.00016,272
0,0.0,0.0028240736573934555,0.00491565465927124,0.023012559860944748,0.01555926725268364,,272
,,,,,,0.00016,273
0,0.0,0.004518863745033741,0.0053832195699214935,0.01478225365281105,0.01325579546391964,,273
,,,,,,0.00016,274
0,0.0,0.0035752425901591778,0.007861538790166378,0.029362216591835022,0.020221736282110214,,274
,,,,,,0.00016,275
0,0.0,0.0028950157575309277,0.006507744546979666,0.02496129833161831,0.01700260117650032,,275
,,,,,,0.00016,276
0,0.0,0.002114654053002596,0.00556216761469841,0.02446247637271881,0.01573643460869789,,276
,,,,,,0.00016,277
0,0.0,0.0023314873687922955,0.005190691910684109,0.027053341269493103,0.017155831679701805,,277
,,,,,,0.00016,278
0,0.0,0.0011601370060816407,0.004550221376121044,0.017722316086292267,0.01115885004401207,,278
,,,,,,0.00016,279
0,0.0,0.0060526058077812195,0.006847742944955826,0.022398769855499268,0.018963925540447235,,279
,,,,,,0.00016,280
0,0.0,0.0034662194084376097,0.004948101006448269,0.01405235007405281,0.011729419231414795,,280
,,,,,,0.00016,281
0,0.0,0.00022438261657953262,0.004072242416441441,0.03136159107089043,0.016923239454627037,,281
,,,,,,0.00016,282
0,0.0,0.014100838452577591,0.01024390384554863,0.016576027497649193,0.024949830025434494,,282
,,,,,,0.00016,283
0,0.0,0.007293346803635359,0.007318362593650818,0.019512441009283066,0.018879158422350883,,283
,,,,,,0.00016,284
0,0.0,0.002078896388411522,0.005907041952013969,0.02218102477490902,0.014646168798208237,,284
,,,,,,0.00016,285
0,0.0,0.005643119104206562,0.007292211055755615,0.016896143555641174,0.01591424271464348,,285
,,,,,,0.00016,286
0,0.0,0.0011895778588950634,0.002766035031527281,0.013488451018929482,0.008625311776995659,,286
,,,,,,0.00016,287
0,0.0,0.005210429430007935,0.006660263054072857,0.024046188220381737,0.01889858953654766,,287
,,,,,,0.00016,288
0,0.0,0.004074021242558956,0.00458455178886652,0.015949293971061707,0.013194805942475796,,288
,,,,,,0.00016,289
0,0.0,0.004923136439174414,0.00751701882109046,0.027062073349952698,0.0203334279358387,,289
,,,,,,0.00016,290
0,0.0,0.0014196548145264387,0.005958113819360733,0.027466528117656708,0.01664244756102562,,290
,,,,,,0.00016,291
0,0.0,0.0006987350061535835,0.0034863760229200125,0.017341870814561844,0.01024126447737217,,291
,,,,,,0.00016,292
0,0.0,0.00515636894851923,0.006678484380245209,0.01947556436061859,0.016563773155212402,,292
,,,,,,0.00016,293
0,0.0,0.00497034378349781,0.006140316836535931,0.023633144795894623,0.018321994692087173,,293
,,,,,,0.00016,294
0,0.0,0.002106929197907448,0.005650443956255913,0.025734595954418182,0.016386838629841805,,294
,,,,,,0.00016,295
0,0.0,0.0023762600030750036,0.005155114457011223,0.02024012804031372,0.013785102404654026,,295
,,,,,,0.00016,296
0,0.0,0.003009375650435686,0.006087295711040497,0.018513187766075134,0.01378779299557209,,296
,,,,,,0.00016,297
0,0.0,0.006765703670680523,0.007151986472308636,0.01610579900443554,0.01660659909248352,,297
,,,,,,0.00016,298
0,0.0,0.022970549762248993,0.013609133660793304,0.021899428218603134,0.037322547286748886,,298
,,,,,,0.00016,299
0,0.0,0.0120453592389822,0.010810114443302155,0.02387443743646145,0.026685107499361038,,299
,,,,,,0.00016,300
0,0.0,0.0006442080484703183,0.0056721484288573265,0.0352436825633049,0.019684087485074997,,300
,,,,,,0.00016,301
0,0.0,0.014802021905779839,0.009937938302755356,0.02214149199426174,0.02835725247859955,,301
,,,,,,0.00016,302
0,0.0,0.005224115215241909,0.009354210458695889,0.03741912543773651,0.026272229850292206,,302
,,,,,,0.00016,303
0,0.0,0.005196407437324524,0.006972440984100103,0.018913062289357185,0.01639604941010475,,303
,,,,,,0.00016,304
0,0.0,0.0137731758877635,0.011812279932200909,0.02380671724677086,0.0286296047270298,,304
,,,,,,0.00016,305
0,0.0,0.00894244946539402,0.007160668261349201,0.017799854278564453,0.019632544368505478,,305
,,,,,,0.00016,306
0,0.0,0.0034578517079353333,0.004844177048653364,0.020821988582611084,0.015079890377819538,,306
,,,,,,0.00016,307
0,0.0,0.004970497917383909,0.008049758151173592,0.02680407091975212,0.020384972915053368,,307
,,,,,,0.00016,308
0,0.0,0.0008665669593028724,0.003171228803694248,0.017254330217838287,0.010286539793014526,,308
,,,,,,0.00016,309
0,0.0,0.0029168911278247833,0.005538921803236008,0.015193164348602295,0.011898203752934933,,309
,,,,,,0.00016,310
0,0.0,0.0031409701332449913,0.00600937195122242,0.02347986400127411,0.016383245587348938,,310
,,,,,,0.00016,311
0,0.0,0.007306704297661781,0.007114022970199585,0.021780677139759064,0.01997554861009121,,311
,,,,,,0.00016,312
0,0.0,0.004422222264111042,0.006356777157634497,0.02567720040678978,0.018850017338991165,,312
,,,,,,0.00016,313
0,0.0,0.007945191115140915,0.007951006293296814,0.022420842200517654,0.021143363788723946,,313
,,,,,,0.00016,314
0,0.0,0.0067894491367042065,0.00729855103418231,0.019138148054480553,0.018183160573244095,,314
,,,,,,0.00016,315
0,0.0,0.004223453346639872,0.005279675126075745,0.01166113093495369,0.011373937129974365,,315
,,,,,,0.00016,316
0,0.0,0.004682840779423714,0.008228911086916924,0.027179598808288574,0.02032986842095852,,316
,,,,,,0.00016,317
0,0.0,0.005218653939664364,0.006193957757204771,0.01862504705786705,0.016079667955636978,,317
,,,,,,0.00016,318
0,0.0,0.002431572647765279,0.0054896376095712185,0.01789124682545662,0.012749604880809784,,318
,,,,,,0.00016,319
0,0.0,0.002154358197003603,0.0060163503512740135,0.02432166039943695,0.015819275751709938,,319
,,,,,,0.00016,320
0,0.0,0.00039051304338499904,0.004776766058057547,0.03177091106772423,0.017470160499215126,,320
,,,,,,0.00016,321
0,0.0,0.0019241560949012637,0.004100246354937553,0.013057227246463299,0.009477831423282623,,321
,,,,,,0.00016,322
0,0.0,0.006652343552559614,0.007950169034302235,0.0219296645373106,0.019604718312621117,,322
,,,,,,0.00016,323
0,0.0,0.004295620135962963,0.00575240608304739,0.0170101597905159,0.014238801784813404,,323
,,,,,,0.00016,324
0,0.0,0.002617436461150646,0.005230439826846123,0.01577422395348549,0.011812157928943634,,324
,,,,,,0.00016,325
0,0.0,0.00948631763458252,0.010437071323394775,0.023543506860733032,0.02386733889579773,,325
,,,,,,0.00016,326
0,0.0,0.004492036998271942,0.006241460796445608,0.015556263737380505,0.013830534182488918,,326
,,,,,,0.00016,327
0,0.0,0.004930569790303707,0.004347554873675108,0.007953152060508728,0.00999403465539217,,327
,,,,,,0.00016,328
0,0.0,0.004054178949445486,0.005906230770051479,0.01645529642701149,0.013758384622633457,,328
,,,,,,0.00016,329
0,0.0,0.0015047581400722265,0.005162138491868973,0.02472020499408245,0.015155395492911339,,329
,,,,,,0.00016,330
0,0.0,0.004099823068827391,0.00586389284580946,0.01778050884604454,0.014456050470471382,,330
,,,,,,0.00016,331
0,0.0,0.00662060733884573,0.007394121028482914,0.01729968748986721,0.01711898110806942,,331
,,,,,,0.00016,332
0,0.0,0.005852861329913139,0.00734430318698287,0.018623465672135353,0.017000669613480568,,332
,,,,,,0.00016,333
0,0.0,0.009189162403345108,0.010496353730559349,0.026254385709762573,0.02494044415652752,,333
,,,,,,0.00016,334
0,0.0,0.0018351960461586714,0.007232611067593098,0.03074778988957405,0.01901724375784397,,334
,,,,,,0.00016,335
0,0.0,0.0083718691021204,0.0068259648978710175,0.021673252806067467,0.020914986729621887,,335
,,,,,,0.00016,336
0,0.0,0.009147768840193748,0.011101419106125832,0.025045018643140793,0.024445632472634315,,336
,,,,,,0.00016,337
0,0.0,0.001981120090931654,0.00868206936866045,0.03651247173547745,0.02240787446498871,,337
,,,,,,0.00016,338
0,0.0,0.0032453907188028097,0.005306074395775795,0.017272790893912315,0.013208304531872272,,338
,,,,,,0.00016,339
0,0.0,0.0026921972166746855,0.006855940446257591,0.02782345935702324,0.01831791177392006,,339
,,,,,,0.00016,340
0,0.0,0.011975320987403393,0.009714506566524506,0.021139277145266533,0.024973586201667786,,340
,,,,,,0.00016,341
0,0.0,0.007550721522420645,0.008021041750907898,0.01951517164707184,0.019313568249344826,,341
,,,,,,0.00016,342
0,0.0,0.0011529445182532072,0.006108746863901615,0.033039599657058716,0.019199930131435394,,342
,,,,,,0.00016,343
0,0.0,0.0024531278759241104,0.004433132708072662,0.014462734572589397,0.010792778804898262,,343
,,,,,,0.00016,344
0,0.0,0.006264646537601948,0.007239612750709057,0.015998732298612595,0.016073916107416153,,344
,,,,,,0.00016,345
0,0.0,0.001350783626548946,0.005178309045732021,0.020482975989580154,0.01288684830069542,,345
,,,,,,0.00016,346
0,0.0,0.011795761063694954,0.008740706369280815,0.019311903044581413,0.023636888712644577,,346
,,,,,,0.00016,347
0,0.0,0.010196475312113762,0.008664077147841454,0.024639055132865906,0.024682022631168365,,347
,,,,,,0.00016,348
0,0.0,0.006579523906111717,0.008035613223910332,0.018328916281461716,0.017752885818481445,,348
,,,,,,0.00016,349
0,0.0,0.0069610923528671265,0.006687231361865997,0.014654758386313915,0.01596027985215187,,349
,,,,,,0.00016,350
0,0.0,0.002427046885713935,0.003800157457590103,0.014192303642630577,0.010473238304257393,,350
,,,,,,0.00016,351
0,0.0,0.004333108197897673,0.005282262340188026,0.02178351581096649,0.016545431688427925,,351
,,,,,,0.00016,352
0,0.0,0.005747422110289335,0.005954749882221222,0.014703738503158092,0.014587978832423687,,352
,,,,,,0.00016,353
0,0.0,0.00464642746374011,0.006228497251868248,0.024475833401083946,0.018441468477249146,,353
,,,,,,0.00016,354
0,0.0,0.003657989902421832,0.006134731229394674,0.017358049750328064,0.01387069746851921,,354
,,,,,,0.00016,355
0,0.0,0.009024875238537788,0.008396115154027939,0.020907729864120483,0.02157776802778244,,355
,,,,,,0.00016,356
0,0.0,0.0037569680716842413,0.008119551464915276,0.025379164144396782,0.018476437777280807,,356
,,,,,,0.00016,357
0,0.0,0.004597536288201809,0.0063043138943612576,0.0170912966132164,0.014719262719154358,,357
,,,,,,0.00016,358
0,0.0,0.014864351600408554,0.012458733282983303,0.02492559514939785,0.030441831797361374,,358
,,,,,,0.00016,359
0,0.0,0.0020587665494531393,0.006619811989367008,0.024930667132139206,0.016179053112864494,,359
,,,,,,0.00016,360
0,0.0,0.001187257468700409,0.0034978934563696384,0.016576819121837616,0.010350139811635017,,360
,,,,,,0.00016,361
0,0.0,0.006132400594651699,0.007015424780547619,0.01752462051808834,0.016648568212985992,,361
,,,,,,0.00016,362
0,0.0,0.008703645318746567,0.012238290160894394,0.039898939430713654,0.03171268850564957,,362
,,,,,,0.00016,363
0,0.0,0.0028733648359775543,0.00378068583086133,0.011486738920211792,0.009561905637383461,,363
,,,,,,0.00016,364
0,0.0,0.004032135475426912,0.00894860178232193,0.033672772347927094,0.023105671629309654,,364
,,,,,,0.00016,365
0,0.0,0.004390554036945105,0.005274682771414518,0.018568165600299835,0.014993308112025261,,365
,,,,,,0.00016,366
0,0.0,0.007797556929290295,0.006500006653368473,0.01525293942540884,0.017049027606844902,,366
,,,,,,0.00016,367
0,0.0,0.007660768926143646,0.009069373831152916,0.02464452013373375,0.022250372916460037,,367
,,,,,,0.00016,368
0,0.0,0.0017782136565074325,0.0060563888400793076,0.025536682456731796,0.01606065221130848,,368
,,,,,,0.00016,369
0,0.0,0.003788817673921585,0.005675622262060642,0.01764754205942154,0.014031494036316872,,369
,,,,,,0.00016,370
0,0.0,0.0014019388472661376,0.0039347996935248375,0.022851599380373955,0.013811438344419003,,370
,,,,,,0.00016,371
0,0.0,0.006561669521033764,0.0076997592113912106,0.02512390911579132,0.021048564463853836,,371
,,,,,,0.00016,372
0,0.0,0.000747429090552032,0.004558253102004528,0.02269165590405464,0.01323282066732645,,372
,,,,,,0.00016,373
0,0.0,0.002702348632737994,0.0037129854317754507,0.013574903830885887,0.010418047197163105,,373
,,,,,,0.00016,374
0,0.0,0.00032368669053539634,0.0036930404603481293,0.025487855076789856,0.013990874402225018,,374
,,,,,,0.00016,375
0,0.0,0.0016776606207713485,0.004528683144599199,0.01853264681994915,0.012076154351234436,,375
,,,,,,0.00016,376
0,0.0,0.0010711629875004292,0.00349399889819324,0.026033086702227592,0.01496120635420084,,376
,,,,,,0.00016,377
0,0.0,0.007414081133902073,0.009305051527917385,0.028521722182631493,0.02400120534002781,,377
,,,,,,0.00016,378
0,0.0,0.004527000710368156,0.00575213460251689,0.021068211644887924,0.016499139368534088,,378
,,,,,,0.00016,379
0,0.0,0.005910154432058334,0.009514069184660912,0.02938833087682724,0.02298283763229847,,379
,,,,,,0.00016,380
0,0.0,0.00886547565460205,0.0092924190685153,0.01922452263534069,0.020800841972231865,,380
,,,,,,0.00016,381
0,0.0,0.0020778654143214226,0.004493871238082647,0.019251782447099686,0.012827225029468536,,381
,,,,,,0.00016,382
0,0.0,0.0008518219692632556,0.0037379474379122257,0.021793022751808167,0.012682819738984108,,382
,,,,,,0.00016,383
0,0.0,0.00991658866405487,0.0088290274143219,0.016494490206241608,0.02037109062075615,,383
,,,,,,0.00016,384
0,0.0,0.005007865838706493,0.006913791410624981,0.024827290326356888,0.019149959087371826,,384
,,,,,,0.00016,385
0,0.0,0.000852449331432581,0.00408052047714591,0.01836457848548889,0.011054868809878826,,385
,,,,,,0.00016,386
0,0.0,0.005344984587281942,0.0071075186133384705,0.017036108300089836,0.01563991792500019,,386
,,,,,,0.00016,387
0,0.0,0.0026710759848356247,0.0047769201919436455,0.015252454206347466,0.011491533368825912,,387
,,,,,,0.00016,388
0,0.0,0.008984208106994629,0.008841443806886673,0.01758190058171749,0.019985519349575043,,388
,,,,,,0.00016,389
0,0.0,0.00040223420364782214,0.004016661085188389,0.02197258174419403,0.012392690405249596,,389
,,,,,,0.00016,390
0,0.0,0.012668277136981487,0.009351853281259537,0.017697036266326904,0.023854758590459824,,390
,,,,,,0.00016,391
0,0.0,0.005136135499924421,0.0056546954438090324,0.020212488248944283,0.016656052321195602,,391
,,,,,,0.00016,392
0,0.0,0.004998606629669666,0.006356412544846535,0.01928594335913658,0.016230681911110878,,392
,,,,,,0.00016,393
0,0.0,0.006773495581001043,0.00828826054930687,0.02181648090481758,0.019753800705075264,,393
,,,,,,0.00016,394
0,0.0,0.0015790689503774047,0.004837599582970142,0.022012528032064438,0.013794733211398125,,394
,,,,,,0.00016,395
0,0.0,0.006747895386070013,0.007578250952064991,0.020980622619390488,0.019132770597934723,,395
,,,,,,0.00016,396
0,0.0,0.005156446248292923,0.008402738720178604,0.02261737361550331,0.018565818667411804,,396
,,,,,,0.00016,397
0,0.0,0.0025362404994666576,0.005507476627826691,0.02503995969891548,0.01643308997154236,,397
,,,,,,0.00016,398
0,0.0,0.0033401367254555225,0.004668680485337973,0.01783895492553711,0.013426784425973892,,398
,,,,,,0.00016,399
0,0.0,0.010207796469330788,0.010525315999984741,0.030588863417506218,0.028133556246757507,,399
,,,,,,0.00016,400
0,0.0,0.009184233844280243,0.00906371045857668,0.01862822100520134,0.020764272660017014,,400
,,,,,,0.00016,401
0,0.0,0.0019777182023972273,0.004252761602401733,0.014722662977874279,0.010402239859104156,,401
,,,,,,0.00016,402
0,0.0,0.0068279169499874115,0.008110562339425087,0.02031608298420906,0.019013598561286926,,402
,,,,,,0.00016,403
0,0.0,0.0007186717120930552,0.003979249391704798,0.019507156684994698,0.011467061936855316,,403
,,,,,,0.00016,404
0,0.0,0.004786109551787376,0.006458485033363104,0.02025151625275612,0.016526488587260246,,404
,,,,,,0.00016,405
0,0.0,0.0026888863649219275,0.005238424986600876,0.017280392348766327,0.012638689018785954,,405
,,,,,,0.00016,406
0,0.0,0.0015280595980584621,0.005157324485480785,0.024259407073259354,0.014947094023227692,,406
,,,,,,0.00016,407
0,0.0,0.005244489759206772,0.00557467807084322,0.019264690577983856,0.016270503401756287,,407
,,,,,,0.00016,408
0,0.0,0.002700486686080694,0.005380361806601286,0.01870059035718441,0.013395871967077255,,408
,,,,,,0.00016,409
0,0.0,0.010454493574798107,0.00883728638291359,0.01651097647845745,0.020919304341077805,,409
,,,,,,0.00016,410
0,0.0,0.010402749292552471,0.008186360821127892,0.013080064207315445,0.01898937113583088,,410
,,,,,,0.00016,411
0,0.0,0.0024776931386440992,0.005701148416846991,0.020180020481348038,0.013992990367114544,,411
,,,,,,0.00016,412
0,0.0,0.013364836573600769,0.009676429443061352,0.014072222635149956,0.02282005548477173,,412
,,,,,,0.00016,413
0,0.0,0.005051151849329472,0.0054552070796489716,0.022825105115771294,0.017827507108449936,,413
,,,,,,0.00016,414
0,0.0,0.003856477327644825,0.0056510246358811855,0.01932956464588642,0.014934016391634941,,414
,,,,,,0.00016,415
0,0.0,0.0031698187813162804,0.0048821913078427315,0.01885560341179371,0.013818168081343174,,415
,,,,,,0.00016,416
0,0.0,0.005840318277478218,0.006343529559671879,0.016335714608430862,0.015594057738780975,,416
,,,,,,0.00016,417
0,0.0,0.01200399361550808,0.010678641498088837,0.024153998121619225,0.026750653982162476,,417
,,,,,,0.00016,418
0,0.0,0.0011585226748138666,0.004428014159202576,0.019331738352775574,0.011931395158171654,,418
,,,,,,0.00016,419
0,0.0,0.0018552690744400024,0.006936709396541119,0.029934342950582504,0.018556617200374603,,419
,,,,,,0.00016,420
0,0.0,0.00832722894847393,0.008424119092524052,0.031302616000175476,0.026084566488862038,,420
,,,,,,0.00016,421
0,0.0,0.003555984003469348,0.005806467961519957,0.016535362228751183,0.013275282457470894,,421
,,,,,,0.00016,422
0,0.0,0.0030693276785314083,0.005461885593831539,0.02886330336332321,0.01886644959449768,,422
,,,,,,0.00016,423
0,0.0,0.00455628614872694,0.006971997674554586,0.022106578573584557,0.017352575436234474,,423
,,,,,,0.00016,424
0,0.0,0.008021439425647259,0.008934864774346352,0.02231515944004059,0.021412735804915428,,424
,,,,,,0.00016,425
0,0.0,0.0030904950108379126,0.005870380904525518,0.02313164435327053,0.01612391322851181,,425
,,,,,,0.00016,426
0,0.0,0.0051469397731125355,0.006756817456334829,0.017766166478395462,0.015719227492809296,,426
,,,,,,0.00016,427
0,0.0,0.009446622803807259,0.007417246233671904,0.016862500458955765,0.01973218470811844,,427
,,,,,,0.00016,428
0,0.0,0.0014765339437872171,0.004436514340341091,0.024533381685614586,0.014852353371679783,,428
,,,,,,0.00016,429
0,0.0,0.003830496221780777,0.005460391752421856,0.020628342404961586,0.015509765595197678,,429
,,,,,,0.00016,430
0,0.0,0.0027672729920595884,0.005310074891895056,0.019460998475551605,0.013825290836393833,,430
,,,,,,0.00016,431
0,0.0,0.0030781696550548077,0.005973483435809612,0.018924666568636894,0.014033873565495014,,431
,,,,,,0.00016,432
0,0.0,0.004240609239786863,0.008203600533306599,0.025349076837301254,0.01896604895591736,,432
,,,,,,0.00016,433
0,0.0,0.0029001212678849697,0.0063118720427155495,0.025566428899765015,0.017261303961277008,,433
,,,,,,0.00016,434
0,0.0,0.009690864011645317,0.008675802499055862,0.022839408367872238,0.023279517889022827,,434
,,,,,,0.00016,435
0,0.0,0.0015697324415668845,0.003570258617401123,0.015188152901828289,0.010056373663246632,,435
,,,,,,0.00016,436
0,0.0,0.0012696769554167986,0.003936771769076586,0.021724708378314972,0.013116223737597466,,436
,,,,,,0.00016,437
0,0.0,0.002614974044263363,0.005056003574281931,0.01713821291923523,0.012448081746697426,,437
,,,,,,0.00016,438
0,0.0,0.0035721748135983944,0.005905065219849348,0.0171365886926651,0.013616735115647316,,438
,,,,,,0.00016,439
0,0.0,0.001730239251628518,0.005245625972747803,0.021921873092651367,0.014002582058310509,,439
,,,,,,0.00016,440
0,0.0,0.003512613009661436,0.005455860402435064,0.019838910549879074,0.014796033501625061,,440
,,,,,,0.00016,441
0,0.0,0.0020552310161292553,0.00441405875608325,0.021841973066329956,0.014079732820391655,,441
,,,,,,0.00016,442
0,0.0,0.00786674302071333,0.007178175263106823,0.014911048114299774,0.017116811126470566,,442
,,,,,,0.00016,443
0,0.0,0.006092242896556854,0.006408668588846922,0.012877324596047401,0.014133072458207607,,443
,,,,,,0.00016,444
0,0.0,0.007565245032310486,0.0073740556836128235,0.01991695910692215,0.019367238506674767,,444
,,,,,,0.00016,445
0,0.0,0.004638162907212973,0.005252426490187645,0.019476717337965965,0.015689628198742867,,445
,,,,,,0.00016,446
0,0.0,0.0038219995331019163,0.006569260265678167,0.022198215126991272,0.016563422977924347,,446
,,,,,,0.00016,447
0,0.0,0.0022087411489337683,0.0053163496777415276,0.02063547633588314,0.013855567201972008,,447
,,,,,,0.00016,448
0,0.0,0.012897517532110214,0.011843732558190823,0.019454989582300186,0.025585945695638657,,448
,,,,,,0.00016,449
0,0.0,0.004850370343774557,0.0071286773309111595,0.018513983115553856,0.01588953100144863,,449
,,,,,,0.00016,450
0,0.0,0.006343059241771698,0.007040016353130341,0.022029971703886986,0.0191180482506752,,450
,,,,,,0.00016,451
0,0.0,0.0011995467357337475,0.006113458424806595,0.02770155668258667,0.016578689217567444,,451
,,,,,,0.00016,452
0,0.0,0.0026308922097086906,0.005149892996996641,0.019430220127105713,0.01363347563892603,,452
,,,,,,0.00016,453
0,0.0,0.0038863278459757566,0.006359708495438099,0.022173099219799042,0.016562804579734802,,453
,,,,,,0.00016,454
0,0.0,0.009286570362746716,0.00943807978183031,0.021246109157800674,0.022269144654273987,,454
,,,,,,0.00016,455
0,0.0,0.00816758256405592,0.007628358900547028,0.017990034073591232,0.019069690257310867,,455
,,,,,,0.00016,456
0,0.0,0.003008476924151182,0.004493388347327709,0.019720621407032013,0.013992134481668472,,456
,,,,,,0.00016,457
0,0.0,0.0008270912803709507,0.0031445343047380447,0.014719906263053417,0.008973177522420883,,457
,,,,,,0.00016,458
0,0.0,0.008777265436947346,0.01081855595111847,0.027664314955472946,0.02531406283378601,,458
,,,,,,0.00016,459
0,0.0,0.006819058209657669,0.00862301979213953,0.01669539138674736,0.017322508618235588,,459
,,,,,,0.00016,460
0,0.0,0.005446899216622114,0.007039475720375776,0.021262262016534805,0.017837898805737495,,460
,,,,,,0.00016,461
0,0.0,0.0009216605685651302,0.002757882699370384,0.01582411676645279,0.009523189626634121,,461
,,,,,,0.00016,462
0,0.0,0.007453943602740765,0.007532212883234024,0.01752401515841484,0.01809900440275669,,462
,,,,,,0.00016,463
0,0.0,0.0027559646405279636,0.005169963929802179,0.01895705610513687,0.013526983559131622,,463
,,,,,,0.00016,464
0,0.0,0.0006789023755118251,0.004951524548232555,0.024784555658698082,0.01430906169116497,,464
,,,,,,0.00016,465
0,0.0,0.00013765796029474586,0.0024635018780827522,0.015276646241545677,0.008391856215894222,,465
,,,,,,0.00016,466
0,0.0,0.007701109629124403,0.007717107888311148,0.016032157465815544,0.017646465450525284,,466
,,,,,,0.00016,467
0,0.0,0.003946318756788969,0.0066429730504751205,0.023915303871035576,0.017564713954925537,,467
,,,,,,0.00016,468
0,0.0,0.005869115702807903,0.006507722195237875,0.019582174718379974,0.017287133261561394,,468
,,,,,,0.00016,469
0,0.0,0.002553338883444667,0.007178656756877899,0.02816956490278244,0.01843278482556343,,469
,,,,,,0.00016,470
0,0.0,0.0019958815537393093,0.00482520554214716,0.018611103296279907,0.012507734820246696,,470
,,,,,,0.00016,471
0,0.0,0.0046707140281796455,0.006193588953465223,0.025257419794797897,0.018847821280360222,,471
,,,,,,0.00016,472
0,0.0,0.0022436371073126793,0.0048331618309021,0.01616022363305092,0.011532039381563663,,472
,,,,,,0.00016,473
0,0.0,0.006244491785764694,0.006992993410676718,0.01910780742764473,0.0175466425716877,,473
,,,,,,0.00016,474
0,0.0,0.003837832249701023,0.006675449665635824,0.023938588798046112,0.01747598871588707,,474
,,,,,,0.00016,475
0,0.0,0.00255016703158617,0.006533144973218441,0.028617776930332184,0.01849234104156494,,475
,,,,,,0.00016,476
0,0.0,0.002611190779134631,0.004088543821126223,0.01567712426185608,0.011471888981759548,,476
,,,,,,0.00016,477
0,0.0,0.0017832390731200576,0.005403818562626839,0.025267113000154495,0.015767749398946762,,477
,,,,,,0.00016,478
0,0.0,0.0037612817250192165,0.007073132321238518,0.020452281460165977,0.015755705535411835,,478
,,,,,,0.00016,479
0,0.0,0.0062598735094070435,0.004979738499969244,0.01979674957692623,0.01740318350493908,,479
,,,,,,0.00016,480
0,0.0,0.0034032054245471954,0.00518186017870903,0.013476166874170303,0.011436753906309605,,480
,,,,,,0.00016,481
0,0.0,0.005111671518534422,0.0058818175457417965,0.01665593683719635,0.014910094439983368,,481
,,,,,,0.00016,482
0,0.0,0.0035057757049798965,0.0057250275276601315,0.01888694427907467,0.014380505308508873,,482
,,,,,,0.00016,483
0,0.0,0.008541292510926723,0.008828937076032162,0.035191766917705536,0.02834441140294075,,483
,,,,,,0.00016,484
0,0.0,0.0030570216476917267,0.006666033528745174,0.02258860133588314,0.01601783186197281,,484
,,,,,,0.00016,485
0,0.0,0.0056860013864934444,0.007837111130356789,0.023440329357981682,0.019365444779396057,,485
,,,,,,0.00016,486
0,0.0,0.0007425299845635891,0.004043092019855976,0.021808331832289696,0.012657469138503075,,486
,,,,,,0.00016,487
0,0.0,0.0034635337069630623,0.006352641619741917,0.02332880161702633,0.016716094687581062,,487
,,,,,,0.00016,488
0,0.0,0.0024790193419903517,0.006747042760252953,0.023609399795532227,0.01597047969698906,,488
,,,,,,0.00016,489
0,0.0,0.0036720121279358864,0.00537702813744545,0.013788146898150444,0.01191034261137247,,489
,,,,,,0.00016,490
0,0.0,0.00823267176747322,0.007993838749825954,0.01914813555777073,0.019805200397968292,,490
,,,,,,0.00016,491
0,0.0,0.0004401343176141381,0.0029232101514935493,0.01715376228094101,0.009747818112373352,,491
,,,,,,0.00016,492
0,0.0,0.008835772052407265,0.007812712341547012,0.022412773221731186,0.021995335817337036,,492
,,,,,,0.00016,493
0,0.0,0.004940453916788101,0.007285553961992264,0.022352468222379684,0.017938077449798584,,493
,,,,,,0.00016,494
0,0.0,0.0033335285261273384,0.0066825952380895615,0.027225693687796593,0.018617024645209312,,494
,,,,,,0.00016,495
0,0.0,0.01002352312207222,0.009343444369733334,0.023147374391555786,0.02393307164311409,,495
,,,,,,0.00016,496
0,0.0,0.001742966822348535,0.004814914893358946,0.019913600757718086,0.012903495691716671,,496
,,,,,,0.00016,497
0,0.0,0.001065623015165329,0.002699719276279211,0.013098243623971939,0.008289674296975136,,497
,,,,,,0.00016,498
0,0.0,0.002365806605666876,0.0051883491687476635,0.026935046538710594,0.017130417749285698,,498
,,,,,,0.00016,499
0,0.0,0.002746893558651209,0.0046937959268689156,0.013774782419204712,0.010807733982801437,,499
,,,,,,0.00016,500
0,0.0,0.0021339296363294125,0.004503095522522926,0.01798420026898384,0.012251803651452065,,500
,,,,,,0.00016,501
0,0.0,0.0031379591673612595,0.005701844580471516,0.01634773053228855,0.01273728534579277,,501
,,,,,,0.00016,502
0,0.0,0.007109628990292549,0.00873598549515009,0.024188674986362457,0.021387962624430656,,502
,,,,,,0.00016,503
0,0.0,0.0040921675972640514,0.006636123172938824,0.01749175600707531,0.014497076161205769,,503
,,,,,,0.00016,504
0,0.0,0.0026482250541448593,0.004664205014705658,0.017462408170104027,0.012545480392873287,,504
,,,,,,0.00016,505
0,0.0,0.003649067832157016,0.007023724727332592,0.02742706798017025,0.019118532538414,,505
,,,,,,0.00016,506
0,0.0,0.007637014612555504,0.00819183886051178,0.022104239091277122,0.020737092941999435,,506
,,,,,,0.00016,507
0,0.0,0.005003316327929497,0.007122990675270557,0.02385823428630829,0.018713179975748062,,507
,,,,,,0.00016,508
0,0.0,0.0028569872956722975,0.005055905319750309,0.01876174658536911,0.01350183691829443,,508
,,,,,,0.00016,509
0,0.0,0.0011346344836056232,0.00434824638068676,0.018574463203549385,0.011508927680552006,,509
,,,,,,0.00016,510
0,0.0,0.004919579718261957,0.005670289974659681,0.014164960943162441,0.01341963279992342,,510
,,,,,,0.00016,511
0,0.0,0.003766072914004326,0.005922115873545408,0.015611972659826279,0.013052588328719139,,511
,,,,,,0.00016,512
0,0.0,0.0008920235559344292,0.002225472591817379,0.008452853187918663,0.005674818530678749,,512
,,,,,,0.00016,513
0,0.0,0.00034785165917128325,0.003486353438347578,0.019848451018333435,0.011143665760755539,,513
,,,,,,0.00016,514
0,0.0,0.003934586886316538,0.00567511236295104,0.018999820575118065,0.014853275381028652,,514
,,,,,,0.00016,515
0,0.0,0.003952215891331434,0.006325698457658291,0.01900349371135235,0.015035387128591537,,515
,,,,,,0.00016,516
0,0.0,0.0020275325514376163,0.0064504509791731834,0.026063866913318634,0.016672078520059586,,516
,,,,,,0.00016,517
0,0.0,0.0048851314932107925,0.006743924226611853,0.02430129051208496,0.01872175745666027,,517
,,,,,,0.00016,518
0,0.0,0.001348351826891303,0.004548016004264355,0.01868763566017151,0.011829173192381859,,518
,,,,,,0.00016,519
0,0.0,0.00351786520332098,0.008162220008671284,0.027664747089147568,0.01939079351723194,,519
,,,,,,0.00016,520
0,0.0,0.007875204086303711,0.008181164041161537,0.021770132705569267,0.020805560052394867,,520
,,,,,,0.00016,521
0,0.0,0.0015522767789661884,0.006423139479011297,0.02477864921092987,0.01554738637059927,,521
,,,,,,0.00016,522
0,0.0,0.0021643307991325855,0.004324441310018301,0.013018297962844372,0.009754590690135956,,522
,,,,,,0.00016,523
0,0.0,0.0029360237531363964,0.005301903933286667,0.015998926013708115,0.012260962277650833,,523
,,,,,,0.00016,524
0,0.0,0.006410080939531326,0.006234589032828808,0.0216593649238348,0.018798410892486572,,524
,,,,,,0.00016,525
0,0.0,0.0033063727896660566,0.00742350285872817,0.024169396609067917,0.017246946692466736,,525
,,,,,,0.00016,526
0,0.0,0.003861637320369482,0.005933024920523167,0.01646866649389267,0.013579227030277252,,526
,,,,,,0.00016,527
0,0.0,0.0017027943395078182,0.005477932747453451,0.025371534749865532,0.01575804501771927,,527
,,,,,,0.00016,528
0,0.0,0.006136208772659302,0.006441531237214804,0.013341417536139488,0.014417300000786781,,528
,,,,,,0.00016,529
0,0.0,0.007390087004750967,0.0073037720285356045,0.015862759202718735,0.017147410660982132,,529
,,,,,,0.00016,530
0,0.0,0.0047476086765527725,0.006936830468475819,0.02293112687766552,0.017947379499673843,,530
,,,,,,0.00016,531
0,0.0,0.0009216050384566188,0.004266663920134306,0.02339395508170128,0.013685248792171478,,531
,,,,,,0.00016,532
0,0.0,0.005015538539737463,0.005153751000761986,0.011378313414752483,0.011993132531642914,,532
,,,,,,0.00016,533
0,0.0,0.009148245677351952,0.009684192016720772,0.02245219610631466,0.022795390337705612,,533
,,,,,,0.00016,534
0,0.0,0.004322887398302555,0.006016486790031195,0.017818044871091843,0.014736032113432884,,534
,,,,,,0.00016,535
0,0.0,0.006857478059828281,0.007253136485815048,0.017334310337901115,0.017337918281555176,,535
,,,,,,0.00016,536
0,0.0,0.000861552485730499,0.0037576339673250914,0.018157191574573517,0.010879556648433208,,536
,,,,,,0.00016,537
0,0.0,0.003023124998435378,0.005115324631333351,0.02120264247059822,0.014903277158737183,,537
,,,,,,0.00016,538
0,0.0,0.002734024077653885,0.005838276352733374,0.01988481730222702,0.014136001467704773,,538
,,,,,,0.00016,539
0,0.0,0.0019936561584472656,0.0052808839827775955,0.026903271675109863,0.01676551252603531,,539
,,,,,,0.00016,540
0,0.0,0.0038801091723144054,0.006129502318799496,0.023102184757590294,0.016963576897978783,,540
,,,,,,0.00016,541
0,0.0,0.0036856154911220074,0.00724163930863142,0.023767516016960144,0.01737978309392929,,541
,,,,,,0.00016,542
0,0.0,0.00453938776627183,0.007066317833960056,0.020602740347385406,0.016607336699962616,,542
,,,,,,0.00016,543
0,0.0,0.0005228320369496942,0.0037627711426466703,0.018026238307356834,0.010476644150912762,,543
,,,,,,0.00016,544
0,0.0,0.008898336440324783,0.010574351996183395,0.02225913479924202,0.022671490907669067,,544
,,,,,,0.00016,545
0,0.0,0.0019432007102295756,0.004619119688868523,0.015036451630294323,0.01061620656400919,,545
,,,,,,0.00016,546
0,0.0,0.011586613953113556,0.010469588451087475,0.021222872659564018,0.024815447628498077,,546
,,,,,,0.00016,547
0,0.0,0.005824390333145857,0.007300745230168104,0.02565128728747368,0.020475219935178757,,547
,,,,,,0.00016,548
0,0.0,0.0026746224611997604,0.004986315034329891,0.016405243426561356,0.012123823165893555,,548
,,,,,,0.00016,549
0,0.0,0.0005043415585532784,0.00556328147649765,0.03019668161869049,0.016993502154946327,,549
,,,,,,0.00016,550
0,0.0,0.009447423741221428,0.008058815263211727,0.015532202087342739,0.01922822929918766,,550
,,,,,,0.00016,551
0,0.0,0.003569477004930377,0.007453260011970997,0.0237506702542305,0.017308127135038376,,551
,,,,,,0.00016,552
0,0.0,0.0015901208389550447,0.006350415758788586,0.025088176131248474,0.015721812844276428,,552
,,,,,,0.00016,553
0,0.0,0.0038043195381760597,0.006683585699647665,0.025568079203367233,0.018259255215525627,,553
,,,,,,0.00016,554
0,0.0,0.004977186676114798,0.005787193775177002,0.011289052665233612,0.012068511918187141,,554
,,,,,,0.00016,555
0,0.0,0.010492752306163311,0.009567140601575375,0.02463027462363243,0.02519967406988144,,555
,,,,,,0.00016,556
0,0.0,0.007432668469846249,0.008539440110325813,0.018862301483750343,0.018998678773641586,,556
,,,,,,0.00016,557
0,0.0,0.0011388107668608427,0.0029446114785969257,0.013571333140134811,0.008660630322992802,,557
,,,,,,0.00016,558
0,0.0,0.006003012880682945,0.007475811056792736,0.022367101162672043,0.01905551552772522,,558
,,,,,,0.00016,559
0,0.0,0.0059793791733682156,0.008287766017019749,0.026483675464987755,0.02129315957427025,,559
,,,,,,0.00016,560
0,0.0,0.005054948385804892,0.007017561700195074,0.019215751439332962,0.016417214646935463,,560
,,,,,,0.00016,561
0,0.0,0.005916572641581297,0.005984015297144651,0.01906447857618332,0.01694481633603573,,561
,,,,,,0.00016,562
0,0.0,0.0008383964886888862,0.005187066737562418,0.023210253566503525,0.013740289956331253,,562
,,,,,,0.00016,563
0,0.0,0.0012680981308221817,0.0030640284530818462,0.010624158196151257,0.007346184458583593,,563
,,,,,,0.00016,564
0,0.0,0.009191042743623257,0.010454148054122925,0.022779611870646477,0.023194385692477226,,564
,,,,,,0.00016,565
0,0.0,0.0029718978330492973,0.006736661307513714,0.02607867121696472,0.01769539900124073,,565
,,,,,,0.00016,566
0,0.0,0.009632803499698639,0.008794864639639854,0.02931021712720394,0.026486627757549286,,566
,,,,,,0.00016,567
0,0.0,0.004573431797325611,0.006100434809923172,0.018886834383010864,0.015541957691311836,,567
,,,,,,0.00016,568
0,0.0,0.0022171265445649624,0.003427383955568075,0.013618539087474346,0.009883241727948189,,568
,,,,,,0.00016,569
0,0.0,0.0022494427394121885,0.004020015709102154,0.012835163623094559,0.009672028943896294,,569
,,,,,,0.00016,570
0,0.0,0.0031859236769378185,0.0051730633713305,0.01724213734269142,0.013100258074700832,,570
,,,,,,0.00016,571
0,0.0,0.0032663908787071705,0.005152957513928413,0.016941413283348083,0.013025336898863316,,571
,,,,,,0.00016,572
0,0.0,0.00526893837377429,0.006582549773156643,0.02054624818265438,0.017187699675559998,,572
,,,,,,0.00016,573
0,0.0,0.011805634945631027,0.01138027012348175,0.0243521835654974,0.02682679519057274,,573
,,,,,,0.00016,574
0,0.0,0.0023882542736828327,0.004319785162806511,0.012962963432073593,0.009949682280421257,,574
,,,,,,0.00016,575
0,0.0,0.007295004092156887,0.009549757465720177,0.025677062571048737,0.022520974278450012,,575
,,,,,,0.00016,576
0,0.0,0.0016512339934706688,0.005348674952983856,0.022010814398527145,0.013993809930980206,,576
,,,,,,0.00016,577
0,0.0,0.0028825027402490377,0.005890521686524153,0.021620607003569603,0.015165437012910843,,577
,,,,,,0.00016,578
0,0.0,0.0037893131375312805,0.005669575184583664,0.019836358726024628,0.01512488629668951,,578
,,,,,,0.00016,579
0,0.0,0.0006654054741375148,0.005191865377128124,0.027267662808299065,0.015597203746438026,,579
,,,,,,0.00016,580
0,0.0,0.002242289949208498,0.00435751024633646,0.016932733356952667,0.01179803442209959,,580
,,,,,,0.00016,581
0,0.0,0.005512931849807501,0.006407089531421661,0.021417301148176193,0.0178233552724123,,581
,,,,,,0.00016,582
0,0.0,0.004122002981603146,0.006601717323064804,0.026533812284469604,0.01903933845460415,,582
,,,,,,0.00016,583
0,0.0,0.00417493237182498,0.0063549852930009365,0.019489530473947525,0.015508444048464298,,583
,,,,,,0.00016,584
0,0.0,0.002002342604100704,0.004083491861820221,0.014780180528759956,0.010413305833935738,,584
,,,,,,0.00016,585
0,0.0,0.0009712389437481761,0.0038786164950579405,0.016403943300247192,0.010142864659428596,,585
,,,,,,0.00016,586
0,0.0,0.0006580703775398433,0.004108727443963289,0.019028766080737114,0.011199635453522205,,586
,,,,,,0.00016,587
0,0.0,0.0014332052087411284,0.004612181335687637,0.028488364070653915,0.016830433160066605,,587
,,,,,,0.00016,588
0,0.0,0.0036545232869684696,0.005711321718990803,0.01826542615890503,0.014215067028999329,,588
,,,,,,0.00016,589
0,0.0,0.0034274959471076727,0.004596219398081303,0.016978075727820396,0.013065588660538197,,589
,,,,,,0.00016,590
0,0.0,0.004478832706809044,0.006366007961332798,0.021343082189559937,0.016741875559091568,,590
,,,,,,0.00016,591
0,0.0,0.006015952676534653,0.008084072731435299,0.01834007352590561,0.017207007855176926,,591
,,,,,,0.00016,592
0,0.0,0.0021694994065910578,0.005845334380865097,0.02434459701180458,0.015803132206201553,,592
,,,,,,0.00016,593
0,0.0,0.002535219769924879,0.004643351770937443,0.01695140078663826,0.012171758338809013,,593
,,,,,,0.00016,594
0,0.0,0.009197614155709743,0.008840223774313927,0.014718505553901196,0.018766922876238823,,594
,,,,,,0.00016,595
0,0.0,0.0031558098271489143,0.006074479781091213,0.024342119693756104,0.016845490783452988,,595
,,,,,,0.00016,596
0,0.0,0.005553296767175198,0.006965961307287216,0.016835737973451614,0.01571265608072281,,596
,,,,,,0.00016,597
0,0.0,0.007222747430205345,0.006688757799565792,0.020529164001345634,0.01915951818227768,,597
,,,,,,0.00016,598
0,0.0,0.006670608185231686,0.006183156743645668,0.01886950433254242,0.0176511500030756,,598
,,,,,,0.00016,599
0,0.0,0.014026923105120659,0.011104786768555641,0.024865170940756798,0.029235705733299255,,599
,,,,,,0.00016,600
0,0.0,0.002542481292039156,0.005806032568216324,0.01873299479484558,0.013360487297177315,,600
,,,,,,0.00016,601
0,0.0,0.00645343866199255,0.007640082389116287,0.020021963864564896,0.01837444119155407,,601
,,,,,,0.00016,602
0,0.0,0.0005002691177651286,0.0024378071539103985,0.013301827013492584,0.007760634645819664,,602
,,,,,,0.00016,603
0,0.0,0.0003955556021537632,0.004107322543859482,0.02915426343679428,0.01599951833486557,,603
,,,,,,0.00016,604
0,0.0,0.0022739022970199585,0.006011488847434521,0.025204090401530266,0.016378819942474365,,604
,,,,,,0.00016,605
0,0.0,0.004167255945503712,0.007126869633793831,0.027422552928328514,0.01966024935245514,,605
,,,,,,0.00016,606
0,0.0,0.002953947987407446,0.0061563123017549515,0.02953764796257019,0.01926185004413128,,606
,,,,,,0.00016,607
0,0.0,0.0032326243817806244,0.004566268529742956,0.015903139486908913,0.012325761839747429,,607
,,,,,,0.00016,608
0,0.0,0.004499197006225586,0.006767541170120239,0.018138859421014786,0.015260512009263039,,608
,,,,,,0.00016,609
0,0.0,0.004412567242980003,0.0066043115220963955,0.016854554414749146,0.014490922912955284,,609
,,,,,,0.00016,610
0,0.0,0.000298715807730332,0.0035083694383502007,0.021680384874343872,0.012016000226140022,,610
,,,,,,0.00016,611
0,0.0,0.008202805183827877,0.007573477923870087,0.015371628105640411,0.01778198778629303,,611
,,,,,,0.00016,612
0,0.0,0.0027972792740911245,0.006171992048621178,0.017348233610391617,0.013014393858611584,,612
,,,,,,0.00016,613
0,0.0,0.006473492830991745,0.008208263665437698,0.024075616151094437,0.020563367754220963,,613
,,,,,,0.00016,614
0,0.0,0.0016440320760011673,0.00427635945379734,0.017408868297934532,0.011417556554079056,,614
,,,,,,0.00016,615
0,0.0,0.011963307857513428,0.01040339469909668,0.021363019943237305,0.02524566650390625,,615
,,,,,,0.00016,616
0,0.0,0.006820853799581528,0.008158594369888306,0.024602606892585754,0.02116180583834648,,616
,,,,,,0.00016,617
0,0.0,0.0038658431731164455,0.006680188234895468,0.017570778727531433,0.01432127971202135,,617
,,,,,,0.00016,618
0,0.0,0.013660857453942299,0.011885002255439758,0.01853916049003601,0.025901688262820244,,618
,,,,,,0.00016,619
0,0.0,0.002618697937577963,0.00502327736467123,0.014612600207328796,0.011180817149579525,,619
,,,,,,0.00016,620
0,0.0,0.003967727534472942,0.007484569679945707,0.02484058402478695,0.018259162083268166,,620
,,,,,,0.00016,621
0,0.0,0.0026276889257133007,0.005767607595771551,0.021060099825263023,0.014599640853703022,,621
,,,,,,0.00016,622
0,0.0,0.0035956453066319227,0.005589444190263748,0.017226949334144592,0.0136064812541008,,622
,,,,,,0.00016,623
0,0.0,0.006235921289771795,0.006246071308851242,0.014388686046004295,0.01499178260564804,,623
,,,,,,0.00016,624
0,0.0,0.00475407624617219,0.00554907601326704,0.015713464468717575,0.013998077251017094,,624
,,,,,,0.00016,625
0,0.0,0.0044127581641077995,0.005740363150835037,0.019618205726146698,0.015656951814889908,,625
,,,,,,0.00016,626
0,0.0,0.007496686652302742,0.008486952632665634,0.0250004343688488,0.022118642926216125,,626
,,,,,,0.00016,627
0,0.0,0.0014226618222892284,0.005576814524829388,0.019807275384664536,0.0127205029129982,,627
,,,,,,0.00016,628
0,0.0,0.002469094004482031,0.007181025575846434,0.02490701526403427,0.016717858612537384,,628
,,,,,,0.00016,629
0,0.0,0.009336928837001324,0.011256146244704723,0.02973344177007675,0.027017686516046524,,629
,,,,,,0.00016,630
0,0.0,0.004274638835340738,0.004912535659968853,0.011505579575896263,0.01125556230545044,,630
,,,,,,0.00016,631
0,0.0,0.001507564214989543,0.004847462754696608,0.023492394015192986,0.014465626329183578,,631
,,,,,,0.00016,632
0,0.0,0.003453673329204321,0.006533346138894558,0.022342082113027573,0.01625804975628853,,632
,,,,,,0.00016,633
0,0.0,0.009547898545861244,0.008558954112231731,0.01563110575079918,0.019503191113471985,,633
,,,,,,0.00016,634
0,0.0,0.009473506361246109,0.010785034857690334,0.024448707699775696,0.024394119158387184,,634
,,,,,,0.00016,635
0,0.0,0.00327155739068985,0.005071121267974377,0.014888829551637173,0.011983752250671387,,635
,,,,,,0.00016,636
0,0.0,0.0022088768891990185,0.005645923316478729,0.018301986157894135,0.012771351262927055,,636
,,,,,,0.00016,637
0,0.0,0.005193536169826984,0.006250790320336819,0.017455849796533585,0.015484158881008625,,637
,,,,,,0.00016,638
0,0.0,0.009761584922671318,0.009151422418653965,0.025335922837257385,0.02471740171313286,,638
,,,,,,0.00016,639
0,0.0,0.004486070014536381,0.006166856270283461,0.02104291133582592,0.016549240797758102,,639
,,,,,,0.00016,640
0,0.0,0.0022068964317440987,0.005334428511559963,0.024549566209316254,0.015815285965800285,,640
,,,,,,0.00016,641
0,0.0,0.0009825874585658312,0.003808785229921341,0.014851192943751812,0.009360380470752716,,641
,,,,,,0.00016,642
0,0.0,0.00629833247512579,0.007493638899177313,0.02144302986562252,0.018893256783485413,,642
,,,,,,0.00016,643
0,0.0,0.003755043726414442,0.005164343398064375,0.013537948951125145,0.011815104633569717,,643
,,,,,,0.00016,644
0,0.0,0.015088774263858795,0.012327255681157112,0.021372681483626366,0.028856929391622543,,644
,,,,,,0.00016,645
0,0.0,0.0022326000034809113,0.005584185943007469,0.025268835946917534,0.016263063997030258,,645
,,,,,,0.00016,646
0,0.0,0.006566810421645641,0.0066994549706578255,0.01274031400680542,0.014611830934882164,,646
,,,,,,0.00016,647
0,0.0,0.00039213019772432745,0.0038734115660190582,0.021898478269577026,0.012309722602367401,,647
,,,,,,0.00016,648
0,0.0,0.002192160114645958,0.005310391075909138,0.021662693470716476,0.014351104386150837,,648
,,,,,,0.00016,649
0,0.0,0.005168050527572632,0.005498087033629417,0.015356458723545074,0.01422080211341381,,649
,,,,,,0.00016,650
0,0.0,0.003015190130099654,0.005566645413637161,0.020240429788827896,0.014527066610753536,,650
,,,,,,0.00016,651
0,0.0,0.004111422225832939,0.006175079848617315,0.031013648957014084,0.021162016317248344,,651
,,,,,,0.00016,652
0,0.0,0.005603303201496601,0.008536109700798988,0.0247502438724041,0.020112453028559685,,652
,,,,,,0.00016,653
0,0.0,0.009300953708589077,0.00830734334886074,0.019951194524765015,0.021353386342525482,,653
,,,,,,0.00016,654
0,0.0,0.003937148489058018,0.005967497825622559,0.021683668717741966,0.01627085730433464,,654
,,,,,,0.00016,655
0,0.0,0.008328333497047424,0.008752107620239258,0.029739126563072205,0.02538592368364334,,655
,,,,,,0.00016,656
0,0.0,0.00857483595609665,0.007259109523147345,0.018719138577580452,0.01974918320775032,,656
,,,,,,0.00016,657
0,0.0,0.0013895593583583832,0.004229910671710968,0.01502283476293087,0.00995845440775156,,657
,,,,,,0.00016,658
0,0.0,0.002805948257446289,0.005136549007147551,0.018488809466362,0.013334490358829498,,658
,,,,,,0.00016,659
0,0.0,0.0022661597467958927,0.0060441261157393456,0.022139830514788628,0.0148471063002944,,659
,,,,,,0.00016,660
0,0.0,0.004886536858975887,0.006779431831091642,0.021797753870487213,0.0174802727997303,,660
,,,,,,0.00016,661
0,0.0,0.00831221230328083,0.006697159260511398,0.012665546499192715,0.01631927490234375,,661
,,,,,,0.00016,662
0,0.0,0.000966259220149368,0.005777115933597088,0.026259880512952805,0.015540478751063347,,662
,,,,,,0.00016,663
0,0.0,0.002734677866101265,0.0062389010563492775,0.0221486147493124,0.015368710272014141,,663
,,,,,,0.00016,664
0,0.0,0.01317748986184597,0.010975106619298458,0.017431091517210007,0.02463681250810623,,664
,,,,,,0.00016,665
0,0.0,0.012771221809089184,0.01205335184931755,0.021006807684898376,0.02628796361386776,,665
,,,,,,0.00016,666
0,0.0,0.0012163164792582393,0.005277231335639954,0.028160639107227325,0.016615943983197212,,666
,,,,,,0.00016,667
0,0.0,0.003059952287003398,0.007320405449718237,0.02525804005563259,0.01751907356083393,,667
,,,,,,0.00016,668
0,0.0,0.0019638086669147015,0.0036083627492189407,0.013251553289592266,0.009491676464676857,,668
,,,,,,0.00016,669
0,0.0,0.004693689756095409,0.006019528489559889,0.021626781672239304,0.017011962831020355,,669
,,,,,,0.00016,670
0,0.0,0.0028214282356202602,0.0064365132711827755,0.020559169352054596,0.014710141345858574,,670
,,,,,,0.00016,671
0,0.0,0.010080530308187008,0.008592856116592884,0.014911307021975517,0.01968439668416977,,671
,,,,,,0.00016,672
0,0.0,0.0037247715517878532,0.005763487424701452,0.015014683827757835,0.012672984972596169,,672
,,,,,,0.00016,673
0,0.0,0.0009084240300580859,0.004109974019229412,0.020253127440810204,0.012062481604516506,,673
,,,,,,0.00016,674
0,0.0,0.0010020500048995018,0.003590476466342807,0.015422364696860313,0.009610851295292377,,674
,,,,,,0.00016,675
0,0.0,0.0041245524771511555,0.007385547272861004,0.021468058228492737,0.016704969108104706,,675
,,,,,,0.00016,676
0,0.0,0.0023415558971464634,0.004761926829814911,0.016720673069357872,0.011892374604940414,,676
,,,,,,0.00016,677
0,0.0,0.0014289002865552902,0.0036505330353975296,0.01388007402420044,0.009281570091843605,,677
,,,,,,0.00016,678
0,0.0,0.0025781558360904455,0.006135645322501659,0.019419362768530846,0.01382174901664257,,678
,,,,,,0.00016,679
0,0.0,0.0008370776195079088,0.003748446237295866,0.02022329345345497,0.01188583578914404,,679
,,,,,,0.00016,680
0,0.0,0.004598365630954504,0.007351326756179333,0.02206546626985073,0.017468929290771484,,680
,,,,,,0.00016,681
0,0.0,0.0019235620275139809,0.0047355592250823975,0.019695786759257317,0.012955345213413239,,681
,,,,,,0.00016,682
0,0.0,0.007292920257896185,0.006884892471134663,0.0156406220048666,0.016834454610943794,,682
,,,,,,0.00016,683
0,0.0,0.007760148029774427,0.008260102942585945,0.024028850719332695,0.021839600056409836,,683
,,,,,,0.00016,684
0,0.0,0.0016167660942301154,0.0053624352440238,0.02289949357509613,0.014407121576368809,,684
,,,,,,0.00016,685
0,0.0,0.003042682772502303,0.005974500440061092,0.01749703660607338,0.013284826651215553,,685
,,,,,,0.00016,686
0,0.0,0.002025052672252059,0.00519676273688674,0.020319262519478798,0.013483874499797821,,686
,,,,,,0.00016,687
0,0.0,0.004709217231720686,0.006155281327664852,0.017631955444812775,0.015064015053212643,,687
,,,,,,0.00016,688
0,0.0,0.003881023032590747,0.005160673055797815,0.017009437084197998,0.013675909489393234,,688
,,,,,,0.00016,689
0,0.0,0.0017115117516368628,0.005743298679590225,0.02307713031768799,0.014685901813209057,,689
,,,,,,0.00016,690
0,0.0,0.004750424530357122,0.005106414668262005,0.010090712457895279,0.01107238419353962,,690
,,,,,,0.00016,691
0,0.0,0.007775991223752499,0.007524610962718725,0.020217351615428925,0.01976582035422325,,691
,,,,,,0.00016,692
0,0.0,0.006474824156612158,0.007803307846188545,0.024402713403105736,0.020627006888389587,,692
,,,,,,0.00016,693
0,0.0,0.0031326627358794212,0.005808176472783089,0.020759418606758118,0.01496441662311554,,693
,,,,,,0.00016,694
0,0.0,0.003591939341276884,0.005984851159155369,0.024161893874406815,0.017169099301099777,,694
,,,,,,0.00016,695
0,0.0,0.007369261234998703,0.00850648619234562,0.021235670894384384,0.020113717764616013,,695
,,,,,,0.00016,696
0,0.0,0.0010866780066862702,0.0052759116515517235,0.026824597269296646,0.015817955136299133,,696
,,,,,,0.00016,697
0,0.0,0.009661408141255379,0.009184194728732109,0.023302193731069565,0.023608554154634476,,697
,,,,,,0.00016,698
0,0.0,0.0035779261961579323,0.00504485284909606,0.01376156322658062,0.011719921603798866,,698
,,,,,,0.00016,699
0,0.0,0.0036715741734951735,0.005757693201303482,0.017267383635044098,0.013744689524173737,,699
,,,,,,0.00016,700
0,0.0,0.004836204461753368,0.008011480793356895,0.025930112227797508,0.019804131239652634,,700
,,,,,,0.00016,701
0,0.0,0.006707483436912298,0.008294649422168732,0.017351102083921432,0.017456697300076485,,701
,,,,,,0.00016,702
0,0.0,0.002191246021538973,0.006241958122700453,0.025461142882704735,0.016482306644320488,,702
,,,,,,0.00016,703
0,0.0,0.0027310585137456656,0.003947201184928417,0.01245848834514618,0.009947102516889572,,703
,,,,,,0.00016,704
0,0.0,0.005645822733640671,0.006886856164783239,0.019735068082809448,0.01723507046699524,,704
,,,,,,0.00016,705
0,0.0,0.002316792495548725,0.006340046878904104,0.02366439253091812,0.015734000131487846,,705
,,,,,,0.00016,706
0,0.0,0.0017738109454512596,0.004763020668178797,0.01709154061973095,0.011510336771607399,,706
,,,,,,0.00016,707
0,0.0,0.0049888757057487965,0.005394843872636557,0.014376914128661156,0.013526043854653835,,707
,,,,,,0.00016,708
0,0.0,0.0007966583361849189,0.003706991672515869,0.015817616134881973,0.009632213972508907,,708
,,,,,,0.00016,709
0,0.0,0.01129232905805111,0.011587576940655708,0.02364908531308174,0.02601376548409462,,709
,,,,,,0.00016,710
0,0.0,0.0005171698285266757,0.004381755832582712,0.022003844380378723,0.012614531442523003,,710
,,,,,,0.00016,711
0,0.0,0.008277137763798237,0.00891295075416565,0.02195044420659542,0.02148059755563736,,711
,,,,,,0.00016,712
0,0.0,0.004590285010635853,0.004373089410364628,0.009477706626057625,0.010422410443425179,,712
,,,,,,0.00016,713
0,0.0,0.001124217757023871,0.003279060823842883,0.01721479557454586,0.010551380924880505,,713
,,,,,,0.00016,714
0,0.0,0.00034945528022944927,0.0035716218408197165,0.017465170472860336,0.009974946267902851,,714
,,,,,,0.00016,715
0,0.0,0.002590081188827753,0.0050247423350811005,0.017735617235302925,0.012714074924588203,,715
,,,,,,0.00016,716
0,0.0,0.00308283232152462,0.005637550260871649,0.019702082499861717,0.01434326171875,,716
,,,,,,0.00016,717
0,0.0,0.0032460251823067665,0.006534795742481947,0.025036022067070007,0.01739773526787758,,717
,,,,,,0.00016,718
0,0.0,0.0011406196281313896,0.003980178385972977,0.017562158405780792,0.01091674342751503,,718
,,,,,,0.00016,719
0,0.0,0.010039416141808033,0.00836528092622757,0.018797818571329117,0.02152964472770691,,719
,,,,,,0.00016,720
0,0.0,0.0034720804542303085,0.006696817930787802,0.021401628851890564,0.01584709994494915,,720
,,,,,,0.00016,721
0,0.0,0.003925884608179331,0.005915340036153793,0.019033081829547882,0.014921260997653008,,721
,,,,,,0.00016,722
0,0.0,0.003888661041855812,0.005332658998668194,0.013319368474185467,0.01188150979578495,,722
,,,,,,0.00016,723
0,0.0,0.003676183056086302,0.00457009905949235,0.012550014071166515,0.011093715205788612,,723
,,,,,,0.00016,724
0,0.0,0.002424957463517785,0.003937717527151108,0.010860441252589226,0.008839607238769531,,724
,,,,,,0.00016,725
0,0.0,0.0077058784663677216,0.009750410914421082,0.023853419348597527,0.02207019180059433,,725
,,,,,,0.00016,726
0,0.0,0.0031233481131494045,0.005421682260930538,0.019340116530656815,0.014148826710879803,,726
,,,,,,0.00016,727
0,0.0,0.00254240445792675,0.003918212838470936,0.01165793091058731,0.009350922890007496,,727
,,,,,,0.00016,728
0,0.0,0.003013435285538435,0.005529559217393398,0.01673169620335102,0.012761672958731651,,728
,,,,,,0.00016,729
0,0.0,0.0012954236008226871,0.005243874154984951,0.018817409873008728,0.012015096843242645,,729
,,,,,,0.00016,730
0,0.0,0.0007047270191833377,0.0034238069783896208,0.01978113315999508,0.011451245285570621,,730
,,,,,,0.00016,731
0,0.0,0.0016545032849535346,0.004421223420649767,0.01514711044728756,0.010333364829421043,,731
,,,,,,0.00016,732
0,0.0,0.007447646465152502,0.008443091064691544,0.01882411539554596,0.01897047646343708,,732
,,,,,,0.00016,733
0,0.0,0.0020295633003115654,0.005545780062675476,0.021439939737319946,0.014135978184640408,,733
,,,,,,0.00016,734
0,0.0,0.0028452647384256124,0.005151018034666777,0.0160702895373106,0.012168163433670998,,734
,,,,,,0.00016,735
0,0.0,0.004043214954435825,0.007387327030301094,0.02205134555697441,0.01691571995615959,,735
,,,,,,0.00016,736
0,0.0,0.0020800221245735884,0.004636993631720543,0.01688883639872074,0.011683688499033451,,736
,,,,,,0.00016,737
0,0.0,0.001228613080456853,0.0031880014576017857,0.016490783542394638,0.01027100533246994,,737
,,,,,,0.00016,738
0,0.0,0.0037165682297199965,0.006403896491974592,0.023505117744207382,0.0170701015740633,,738
,,,,,,0.00016,739
0,0.0,5.342649092199281e-05,0.0028435371350497007,0.02559899538755417,0.013563808053731918,,739
,,,,,,0.00016,740
0,0.0,0.0003820272395387292,0.0032409997656941414,0.02119121514260769,0.01178788486868143,,740
,,,,,,0.00016,741
0,0.0,0.0032351554837077856,0.007253804709762335,0.02530006691813469,0.017698640003800392,,741
,,,,,,0.00016,742
0,0.0,0.005980747751891613,0.007823972031474113,0.018734995275735855,0.01730423793196678,,742
