epoch,loss/ck_step,loss/noise_step,loss/post_step,loss/rec_step,loss/total_step,lr-Adam,step
,,,,,,0.00016,0
0,0.0,0.42221444845199585,0.2001153528690338,0.9206825494766235,0.9325845837593079,,0
,,,,,,0.00016,1
0,0.0,0.8331438302993774,0.27568215131759644,0.9104111790657043,1.3572698831558228,,1
,,,,,,0.00016,2
0,0.0,1.3312751054763794,0.26401519775390625,0.8358336091041565,1.8151957988739014,,2
,,,,,,0.00016,3
0,0.0,0.34904155135154724,0.20253068208694458,0.8066975474357605,0.8030229806900024,,3
,,,,,,0.00016,4
0,0.0,0.15416768193244934,0.1541675329208374,0.7684155702590942,0.5769173502922058,,4
,,,,,,0.00016,5
0,0.0,0.15085312724113464,0.18642544746398926,0.69842529296875,0.5466721057891846,,5
,,,,,,0.00016,6
0,0.0,0.5151901245117188,0.22541889548301697,0.6952054500579834,0.9191476106643677,,6
,,,,,,0.00016,7
0,0.0,0.28321734070777893,0.20662012696266174,0.6551347970962524,0.6624398231506348,,7
,,,,,,0.00016,8
0,0.0,1.2321031093597412,0.3241598904132843,0.6476327180862427,1.636959433555603,,8
,,,,,,0.00016,9
0,0.0,0.018449516966938972,0.103810153901577,0.5932800769805908,0.34104210138320923,,9
,,,,,,0.00016,10
0,0.0,1.6444096565246582,0.3623807728290558,0.548864483833313,2.009437084197998,,10
,,,,,,0.00016,11
0,0.0,0.012708162888884544,0.08602255582809448,0.49214696884155273,0.2802872657775879,,11
,,,,,,0.00016,12
0,0.0,1.2169854640960693,0.2753335237503052,0.49499666690826416,1.5333173274993896,,12
,,,,,,0.00016,13
0,0.0,0.4010549783706665,0.16688011586666107,0.4508039951324463,0.6681770086288452,,13
,,,,,,0.00016,14
0,0.0,0.06814101338386536,0.12260323762893677,0.41759300231933594,0.3075883090496063,,14
,,,,,,0.00016,15
0,0.0,0.0866563618183136,0.13045136630535126,0.4078974723815918,0.3232179284095764,,15
,,,,,,0.00016,16
0,0.0,0.0056135086342692375,0.06999532878398895,0.4019639492034912,0.22409433126449585,,16
,,,,,,0.00016,17
0,0.0,0.075338214635849,0.11977192759513855,0.37450486421585083,0.29253363609313965,,17
,,,,,,0.00016,18
0,0.0,0.5303057432174683,0.18104127049446106,0.3430584669113159,0.7470953464508057,,18
,,,,,,0.00016,19
0,0.0,0.5770092010498047,0.2025606334209442,0.30688610672950745,0.7810924053192139,,19
,,,,,,0.00016,20
0,0.0,0.03763056546449661,0.09268893301486969,0.34593963623046875,0.2337726354598999,,20
,,,,,,0.00016,21
0,0.0,0.0866951122879982,0.11249465495347977,0.32964545488357544,0.2796415090560913,,21
,,,,,,0.00016,22
0,0.0,0.29531925916671753,0.15214630961418152,0.3011271357536316,0.4839194118976593,,22
,,,,,,0.00016,23
0,0.0,0.02636807970702648,0.07712556421756744,0.2910735011100769,0.19118621945381165,,23
,,,,,,0.00016,24
0,0.0,0.0005938810645602643,0.039052680134773254,0.28956592082977295,0.1551400125026703,,24
,,,,,,0.00016,25
0,0.0,0.4870089888572693,0.19520391523838043,0.27044281363487244,0.6710313558578491,,25
,,,,,,0.00016,26
0,0.0,0.07480023801326752,0.0796438530087471,0.2579236626625061,0.2236730456352234,,26
,,,,,,0.00016,27
0,0.0,0.0002573874080553651,0.02814576029777527,0.25786420702934265,0.13622593879699707,,27
,,,,,,0.00016,28
0,0.0,0.11848463118076324,0.09659071266651154,0.20763741433620453,0.2464510202407837,,28
,,,,,,0.00016,29
0,0.0,1.699854094153663e-15,0.020672589540481567,0.26002728939056396,0.13518179953098297,,29
,,,,,,0.00016,30
0,0.0,0.19265255331993103,0.10096997022628784,0.20431667566299438,0.3200533986091614,,30
,,,,,,0.00016,31
0,0.0,0.006839174311608076,0.046766676008701324,0.21480792760849,0.12593480944633484,,31
,,,,,,0.00016,32
0,0.0,0.08794718980789185,0.06544097512960434,0.21114188432693481,0.20987838506698608,,32
,,,,,,0.00016,33
0,0.0,0.019487842917442322,0.04704893007874489,0.19152729213237762,0.12701371312141418,,33
,,,,,,0.00016,34
0,0.0,0.02607942745089531,0.058775417506694794,0.18817563354969025,0.13486109673976898,,34
,,,,,,0.00016,35
0,0.0,0.0767693966627121,0.07649283111095428,0.18215352296829224,0.18696936964988708,,35
,,,,,,0.00016,36
0,0.0,0.008796894922852516,0.038265716284513474,0.16942915320396423,0.10307790338993073,,36
,,,,,,0.00016,37
0,0.0,0.015304170548915863,0.04047248512506485,0.16856957972049713,0.10970708727836609,,37
,,,,,,0.00016,38
0,0.0,0.18299071490764618,0.11497118324041367,0.15710371732711792,0.2902853488922119,,38
,,,,,,0.00016,39
0,0.0,0.006791684310883284,0.04059005528688431,0.18468180298805237,0.10928010940551758,,39
,,,,,,0.00016,40
0,0.0,0.0006500129238702357,0.023194391280412674,0.1790701150894165,0.09598366916179657,,40
,,,,,,0.00016,41
0,0.0,0.001784043968655169,0.027870867401361465,0.1611676812171936,0.08933559060096741,,41
,,,,,,0.00016,42
0,0.0,0.01050624344497919,0.0399450957775116,0.16290788352489471,0.10194645822048187,,42
,,,,,,0.00016,43
0,0.0,0.05814086273312569,0.05836085230112076,0.14151403307914734,0.1434880793094635,,43
,,,,,,0.00016,44
0,0.0,0.14325787127017975,0.09480194002389908,0.15957270562648773,0.24674472212791443,,44
,,,,,,0.00016,45
0,0.0,0.010519572533667088,0.034591954201459885,0.14790259301662445,0.09311886131763458,,45
,,,,,,0.00016,46
0,0.0,0.007241765037178993,0.0380692295730114,0.14455941319465637,0.08903877437114716,,46
,,,,,,0.00016,47
0,0.0,0.048818282783031464,0.0556851327419281,0.12665139138698578,0.12606526911258698,,47
,,,,,,0.00016,48
0,0.0,0.017563575878739357,0.03238143399357796,0.13630756735801697,0.0938127189874649,,48
,,,,,,0.00016,49
0,0.0,1.6521138349387529e-15,0.01227854285389185,0.15444397926330566,0.08029162883758545,,49
,,,,,,0.00016,50
0,0.0,0.007554993499070406,0.024936188012361526,0.11441445350646973,0.07099626958370209,,50
,,,,,,0.00016,51
0,0.0,0.07872490584850311,0.07306212186813354,0.10450157523155212,0.14924122393131256,,51
,,,,,,0.00016,52
0,0.0,0.037433162331581116,0.051415249705314636,0.1238754540681839,0.11222470551729202,,52
,,,,,,0.00016,53
0,0.0,0.0005928213358856738,0.01747332140803337,0.14215894043445587,0.07604062557220459,,53
,,,,,,0.00016,54
0,0.0,0.038491927087306976,0.03883568197488785,0.11448903381824493,0.10544537007808685,,54
,,,,,,0.00016,55
0,0.0,0.0016439177561551332,0.021437320858240128,0.10942322015762329,0.06171485781669617,,55
,,,,,,0.00016,56
0,0.0,0.0007610966567881405,0.020229436457157135,0.11617211997509003,0.0639045238494873,,56
,,,,,,0.00016,57
0,0.0,0.049192268401384354,0.04581953585147858,0.09496119618415833,0.10812775045633316,,57
,,,,,,0.00016,58
0,0.0,0.0742608904838562,0.06469820439815521,0.10683226585388184,0.14385157823562622,,58
,,,,,,0.00016,59
0,0.0,0.013167345896363258,0.03164532035589218,0.09276709705591202,0.06746222078800201,,59
,,,,,,0.00016,60
0,0.0,0.016393594443798065,0.03349439799785614,0.09558907896280289,0.07256173342466354,,60
,,,,,,0.00016,61
0,0.0,0.0004662388819269836,0.016177523881196976,0.10550053417682648,0.05726088583469391,,61
,,,,,,0.00016,62
0,0.0,0.007951823994517326,0.027160145342350006,0.08492478728294373,0.05720425397157669,,62
,,,,,,0.00016,63
0,0.0,0.0033173351548612118,0.015965010970830917,0.08375672250986099,0.04918694868683815,,63
,,,,,,0.00016,64
0,0.0,0.005634631961584091,0.025643987581133842,0.08758707344532013,0.055839166045188904,,64
,,,,,,0.00016,65
0,0.0,0.003736920654773712,0.021888861432671547,0.08251531422138214,0.05046679079532623,,65
,,,,,,0.00016,66
0,0.0,0.0003923505137208849,0.011887108907103539,0.09472771733999252,0.05072798579931259,,66
,,,,,,0.00016,67
0,0.0,0.01046975702047348,0.025410881265997887,0.0741921216249466,0.053918540477752686,,67
,,,,,,0.00016,68
0,0.0,5.750577838625759e-05,0.008780695497989655,0.08307813107967377,0.0437917485833168,,68
,,,,,,0.00016,69
0,0.0,0.04569869488477707,0.04486757516860962,0.08278191089630127,0.09830653667449951,,69
,,,,,,0.00016,70
0,0.0,0.022226672619581223,0.029873691499233246,0.0801699161529541,0.06978005170822144,,70
,,,,,,0.00016,71
0,0.0,0.006131998263299465,0.024683285504579544,0.07718010246753693,0.050892870873212814,,71
,,,,,,0.00016,72
0,0.0,0.0022471118718385696,0.015498701483011246,0.07140916585922241,0.04182636737823486,,72
,,,,,,0.00016,73
0,0.0,0.0054115550592541695,0.0215587355196476,0.06877269595861435,0.045187585055828094,,73
,,,,,,0.00016,74
0,0.0,0.0011530783958733082,0.012259474024176598,0.07763078063726425,0.043033335357904434,,74
,,,,,,0.00016,75
0,0.0,0.034193217754364014,0.03690572455525398,0.06453421711921692,0.0756867527961731,,75
,,,,,,0.00016,76
0,0.0,0.010884610936045647,0.02165254019200802,0.06777352839708328,0.05018451064825058,,76
,,,,,,0.00016,77
0,0.0,0.0598149411380291,0.04084973782300949,0.0565863773226738,0.09832056611776352,,77
,,,,,,0.00016,78
0,0.0,0.002022259868681431,0.016608087345957756,0.08510899543762207,0.04872877895832062,,78
,,,,,,0.00016,79
0,0.0,0.01980723813176155,0.028705798089504242,0.06182248517870903,0.057894930243492126,,79
,,,,,,0.00016,80
0,0.0,0.001055806060321629,0.010000240057706833,0.06563280522823334,0.036372266709804535,,80
,,,,,,0.00016,81
0,0.0,0.0010209109168499708,0.011481297202408314,0.06393709778785706,0.03585978224873543,,81
,,,,,,0.00016,82
0,0.0,0.003136587329208851,0.014687791466712952,0.06562957912683487,0.03962332382798195,,82
,,,,,,0.00016,83
0,0.0,0.03663366660475731,0.03132214397192001,0.05545315891504288,0.0721907764673233,,83
,,,,,,0.00016,84
0,0.0,0.009165219031274319,0.020510803908109665,0.053406812250614166,0.04099632799625397,,84
,,,,,,0.00016,85
0,0.0,0.0002980157732963562,0.010674961842596531,0.06985048204660416,0.03789199888706207,,85
,,,,,,0.00016,86
0,0.0,0.015433372929692268,0.020012324675917625,0.059473276138305664,0.050173092633485794,,86
,,,,,,0.00016,87
0,0.0,0.0003027658967766911,0.009872429072856903,0.06524081528186798,0.03539128229022026,,87
,,,,,,0.00016,88
0,0.0,0.006451466120779514,0.015618868172168732,0.0595780611038208,0.040145210921764374,,88
,,,,,,0.00016,89
0,0.0,0.003789690323174,0.014434317126870155,0.05669024586677551,0.03574339300394058,,89
,,,,,,0.00016,90
0,0.0,0.0011259658494964242,0.00920569896697998,0.054042838513851166,0.030448811128735542,,90
,,,,,,0.00016,91
0,0.0,0.004596555605530739,0.014801250770688057,0.03736841678619385,0.02698107808828354,,91
,,,,,,0.00016,92
0,0.0,0.011215603910386562,0.014206460677087307,0.05448261648416519,0.042008526623249054,,92
,,,,,,0.00016,93
0,0.0,0.01584698259830475,0.014904391020536423,0.044242847710847855,0.04169450327754021,,93
,,,,,,0.00016,94
0,0.0,0.024358555674552917,0.027070103213191032,0.04146195203065872,0.051857054233551025,,94
,,,,,,0.00016,95
0,0.0,0.0003336793160997331,0.007622870150953531,0.04835640639066696,0.026417601853609085,,95
,,,,,,0.00016,96
0,0.0,0.018977422267198563,0.01832890510559082,0.061159342527389526,0.05413931980729103,,96
,,,,,,0.00016,97
0,0.0,0.004502756521105766,0.013500777073204517,0.039493173360824585,0.02762453630566597,,97
,,,,,,0.00016,98
0,0.0,0.0014686458744108677,0.01062010508030653,0.044117338955402374,0.02618234232068062,,98
,,,,,,0.00016,99
0,0.0,0.0007430937839671969,0.007937198504805565,0.03910188376903534,0.02227833680808544,,99
,,,,,,0.00016,100
0,0.0,0.0008902283734641969,0.008304184302687645,0.04659448564052582,0.026263518258929253,,100
,,,,,,0.00016,101
0,0.0,0.05250821262598038,0.027734972536563873,0.04049880802631378,0.07969136536121368,,101
,,,,,,0.00016,102
0,0.0,0.009382333606481552,0.014452040195465088,0.03930404409766197,0.03264736384153366,,102
,,,,,,0.00016,103
0,0.0,0.004582745023071766,0.01051781140267849,0.03757888451218605,0.026001639664173126,,103
,,,,,,0.00016,104
0,0.0,0.007854574359953403,0.014665495604276657,0.04684314876794815,0.03494252264499664,,104
,,,,,,0.00016,105
0,0.0,0.01590561680495739,0.013368584215641022,0.039255887269973755,0.03887570649385452,,105
,,,,,,0.00016,106
0,0.0,0.000758399604819715,0.007728914264589548,0.039041824638843536,0.02221154049038887,,106
,,,,,,0.00016,107
0,0.0,0.027169466018676758,0.02096361666917801,0.0401444248855114,0.05248257890343666,,107
,,,,,,0.00016,108
0,0.0,0.010894490405917168,0.013403677381575108,0.028542738407850266,0.028516778722405434,,108
,,,,,,0.00016,109
0,0.0,0.003889703657478094,0.010126126930117607,0.04690738767385483,0.029874928295612335,,109
,,,,,,0.00016,110
0,0.0,0.00595829077064991,0.011181973852217197,0.03477657213807106,0.026142070069909096,,110
,,,,,,0.00016,111
0,0.0,0.00642271526157856,0.012551544234156609,0.05432100221514702,0.03672110289335251,,111
,,,,,,0.00016,112
0,0.0,0.023273639380931854,0.02210230566561222,0.03627382963895798,0.04693613201379776,,112
,,,,,,0.00016,113
0,0.0,0.0009831024799495935,0.009148014709353447,0.047448500990867615,0.026994355022907257,,113
,,,,,,0.00016,114
0,0.0,0.004678218625485897,0.011091217398643494,0.03908824920654297,0.02699514850974083,,114
,,,,,,0.00016,115
0,0.0,0.002868653740733862,0.009884972125291824,0.036411792039871216,0.02354579232633114,,115
,,,,,,0.00016,116
0,0.0,9.375040826853365e-05,0.00618848018348217,0.045886099338531494,0.02458392083644867,,116
,,,,,,0.00016,117
0,0.0,1.673798937179647e-15,0.0029825284145772457,0.037515394389629364,0.019503328949213028,,117
,,,,,,0.00016,118
0,0.0,0.009466361254453659,0.012393733486533165,0.021671973168849945,0.02340078167617321,,118
,,,,,,0.00016,119
0,0.0,0.023624705150723457,0.019665274769067764,0.031953372061252594,0.04451771080493927,,119
,,,,,,0.00016,120
0,0.0,0.0013892841525375843,0.008395291864871979,0.03379534184932709,0.020385777577757835,,120
,,,,,,0.00016,121
0,0.0,0.0015573169803246856,0.008944384753704071,0.03740822523832321,0.022497525438666344,,121
,,,,,,0.00016,122
0,0.0,0.013798789121210575,0.016444150358438492,0.04116402566432953,0.03849183768033981,,122
,,,,,,0.00016,123
0,0.0,0.036416228860616684,0.02627035602927208,0.052833203226327896,0.06940042227506638,,123
,,,,,,0.00016,124
0,0.0,0.010481702163815498,0.012296488508582115,0.03371967002749443,0.03041565790772438,,124
,,,,,,0.00016,125
0,0.0,0.0018601440824568272,0.009024586528539658,0.03703149035573006,0.022632036358118057,,125
,,,,,,0.00016,126
0,0.0,0.036995403468608856,0.02026255428791046,0.035076797008514404,0.059599436819553375,,126
,,,,,,0.00016,127
0,0.0,0.00017936763470061123,0.004224143922328949,0.03364846110343933,0.018059633672237396,,127
,,,,,,0.00016,128
0,0.0,0.0013803605688735843,0.008168509230017662,0.055225055664777756,0.031035015359520912,,128
,,,,,,0.00016,129
0,0.0,0.0033948838245123625,0.0073681725189089775,0.03868751972913742,0.024580687284469604,,129
,,,,,,0.00016,130
0,0.0,0.0004913548473268747,0.005369272548705339,0.02797257900238037,0.015819963067770004,,130
,,,,,,0.00016,131
0,0.0,0.03718150407075882,0.019071724265813828,0.02742535062134266,0.055662110447883606,,131
,,,,,,0.00016,132
0,0.0,0.0018668867414817214,0.00719453115016222,0.03330636024475098,0.02031869813799858,,132
,,,,,,0.00016,133
0,0.0,0.001724712084978819,0.007699116133153439,0.02666851505637169,0.016983747482299805,,133
,,,,,,0.00016,134
0,0.0,0.04456179216504097,0.024681100621819496,0.035633962601423264,0.06854905188083649,,134
,,,,,,0.00016,135
0,0.0,0.0018355288775637746,0.00684070959687233,0.027189990505576134,0.017140701413154602,,135
,,,,,,0.00016,136
0,0.0,0.0003959662572015077,0.005982382223010063,0.042683012783527374,0.023233069106936455,,136
,,,,,,0.00016,137
0,0.0,0.011985508725047112,0.015739716589450836,0.05437272787094116,0.0431068018078804,,137
,,,,,,0.00016,138
0,0.0,0.00039538039709441364,0.005645937751978636,0.032423097640275955,0.018018413335084915,,138
,,,,,,0.00016,139
0,0.0,0.005966804921627045,0.010586033575236797,0.029798340052366257,0.02351248450577259,,139
,,,,,,0.00016,140
0,0.0,0.004869094118475914,0.009260112419724464,0.04165462404489517,0.02801143378019333,,140
,,,,,,0.00016,141
0,0.0,0.006754957139492035,0.009282702580094337,0.02126571536064148,0.01970848999917507,,141
,,,,,,0.00016,142
0,0.0,0.005040785297751427,0.012704215943813324,0.04333542287349701,0.029884550720453262,,142
,,,,,,0.00016,143
0,0.0,0.0005806372500956059,0.0059045348316431046,0.03438258171081543,0.01924806274473667,,143
,,,,,,0.00016,144
0,0.0,0.0017072204500436783,0.00701820058748126,0.03330730274319649,0.02011542208492756,,144
,,,,,,0.00016,145
0,0.0,0.006614182144403458,0.010893586091697216,0.03190585970878601,0.025290507823228836,,145
,,,,,,0.00016,146
0,0.0,4.8547870392212644e-05,0.004346807487308979,0.04171159118413925,0.021991046145558357,,146
,,,,,,0.00016,147
0,0.0,0.015226026065647602,0.013529212214052677,0.023236766457557678,0.030226711183786392,,147
,,,,,,0.00016,148
0,0.0,0.0025310975033789873,0.008728519082069397,0.036048464477062225,0.02273745834827423,,148
,,,,,,0.00016,149
0,0.0,1.6720266266166358e-15,0.0029327706433832645,0.036889515817165375,0.01917795091867447,,149
,,,,,,0.00016,150
0,0.0,0.022094331681728363,0.016384823247790337,0.02802055887877941,0.040200814604759216,,150
,,,,,,0.00016,151
0,0.0,0.00018771759641822428,0.004574453923851252,0.03125983104109764,0.016961246728897095,,151
,,,,,,0.00016,152
0,0.0,0.00949728675186634,0.009933644905686378,0.04242701828479767,0.03319420665502548,,152
,,,,,,0.00016,153
0,0.0,0.005635400302708149,0.00868364330381155,0.028527196496725082,0.022069908678531647,,153
,,,,,,0.00016,154
0,0.0,0.004086859989911318,0.00729898177087307,0.020149141550064087,0.01598617620766163,,154
,,,,,,0.00016,155
0,0.0,0.01811382919549942,0.011513173580169678,0.022516194730997086,0.03225021809339523,,155
,,,,,,0.00016,156
0,0.0,0.0009630746208131313,0.005642256233841181,0.027387596666812897,0.016067437827587128,,156
,,,,,,0.00016,157
0,0.0,0.006944080349057913,0.009262870997190475,0.024566123262047768,0.021542860195040703,,157
,,,,,,0.00016,158
0,0.0,0.0028970041312277317,0.0059186602011322975,0.027100488543510437,0.017926914617419243,,158
,,,,,,0.00016,159
0,0.0,0.0016927130054682493,0.008390169590711594,0.036268990486860275,0.02192474901676178,,159
,,,,,,0.00016,160
0,0.0,0.0035359268076717854,0.009305865503847599,0.03677783161401749,0.024251308292150497,,160
,,,,,,0.00016,161
0,0.0,0.01128828153014183,0.011032955721020699,0.023534052073955536,0.025813546031713486,,161
,,,,,,0.00016,162
0,0.0,0.0034609679132699966,0.008248656988143921,0.0346032977104187,0.022824781015515327,,162
,,,,,,0.00016,163
0,0.0,0.0004229442565701902,0.005267256870865822,0.042879991233348846,0.023179754614830017,,163
,,,,,,0.00016,164
0,0.0,0.002138343174010515,0.009951694868505001,0.04395934194326401,0.026605937629938126,,164
,,,,,,0.00016,165
0,0.0,0.02276485413312912,0.016793882474303246,0.029302600771188736,0.041614629328250885,,165
,,,,,,0.00016,166
0,0.0,0.0013835832942277193,0.006251790560781956,0.030314205214381218,0.01810363307595253,,166
,,,,,,0.00016,167
0,0.0,0.0032497684005647898,0.00589032843708992,0.016972698271274567,0.013208700343966484,,167
,,,,,,0.00016,168
0,0.0,0.01917603798210621,0.012584990821778774,0.019291628152132034,0.03196810185909271,,168
,,,,,,0.00016,169
0,0.0,0.04672008752822876,0.025741470977663994,0.04672899469733238,0.07651995122432709,,169
,,,,,,0.00016,170
0,0.0,0.010004186071455479,0.010540280491113663,0.03382888808846474,0.029553700238466263,,170
,,,,,,0.00016,171
0,0.0,0.017601720988750458,0.01357255969196558,0.03837677836418152,0.04018324613571167,,171
,,,,,,0.00016,172
0,0.0,0.00026773917488753796,0.004888460505753756,0.028073113411664963,0.01552641112357378,,172
,,,,,,0.00016,173
0,0.0,0.011592887341976166,0.010266730561852455,0.020562272518873215,0.0244407057762146,,173
,,,,,,0.00016,174
0,0.0,0.04081621766090393,0.023420210927724838,0.023420210927724838,0.058381374925374985,,174
,,,,,,0.00016,175
0,0.0,0.006568984594196081,0.008223600685596466,0.022561844438314438,0.019905805587768555,,175
,,,,,,0.00016,176
0,0.0,0.006562547758221626,0.013267936185002327,0.04114051163196564,0.03044978715479374,,176
,,,,,,0.00016,177
0,0.0,0.0006411428330466151,0.006864484865218401,0.04813556745648384,0.02642504870891571,,177
,,,,,,0.00016,178
0,0.0,0.0011908391024917364,0.006871099583804607,0.031949732452631,0.0188834797590971,,178
,,,,,,0.00016,179
0,0.0,0.011056561954319477,0.010864040814340115,0.027242276817560196,0.027393709868192673,,179
,,,,,,0.00016,180
0,0.0,0.0017138444818556309,0.0071597229689359665,0.03248831257224083,0.019747931510210037,,180
,,,,,,0.00016,181
0,0.0,0.006336429622024298,0.010700913146138191,0.02828533947467804,0.023154329508543015,,181
,,,,,,0.00016,182
0,0.0,0.010889679193496704,0.010104121640324593,0.031498752534389496,0.029165085405111313,,182
,,,,,,0.00016,183
0,0.0,0.0007556147174909711,0.0061488281935453415,0.02859126403927803,0.016588453203439713,,183
,,,,,,0.00016,184
0,0.0,0.00020785891683772206,0.004442962817847729,0.03415852040052414,0.01839786022901535,,184
,,,,,,0.00016,185
0,0.0,0.0020507939625531435,0.0062612988986074924,0.02865789830684662,0.017945067957043648,,185
,,,,,,0.00016,186
0,0.0,0.0032697892747819424,0.006942500825971365,0.028548570349812508,0.01927969977259636,,186
,,,,,,0.00016,187
0,0.0,0.0078005436807870865,0.010508204810321331,0.04363736882805824,0.03224628046154976,,187
,,,,,,0.00016,188
0,0.0,0.0023002568632364273,0.007494443096220493,0.03618747740983963,0.022267606109380722,,188
,,,,,,0.00016,189
0,0.0,0.010603300295770168,0.010647451505064964,0.02611188217997551,0.026321103796362877,,189
,,,,,,0.00016,190
0,0.0,0.009418871253728867,0.011403784155845642,0.034204885363578796,0.029372259974479675,,190
,,,,,,0.00016,191
0,0.0,0.010659134946763515,0.012628002092242241,0.03167158365249634,0.029651928693056107,,191
,,,,,,0.00016,192
0,0.0,0.0005976245156489313,0.005132409743964672,0.03591028228402138,0.01983586698770523,,192
,,,,,,0.00016,193
0,0.0,0.021801253780722618,0.016331877559423447,0.025330480188131332,0.03854946419596672,,193
,,,,,,0.00016,194
0,0.0,0.011141517199575901,0.01211990974843502,0.029974963515996933,0.029158975929021835,,194
,,,,,,0.00016,195
0,0.0,0.008673449978232384,0.008478805422782898,0.01915806718170643,0.020372185856103897,,195
,,,,,,0.00016,196
0,0.0,0.0221572183072567,0.013457301072776318,0.020243851467967033,0.03564346954226494,,196
,,,,,,0.00016,197
0,0.0,0.009104711003601551,0.010293465107679367,0.022713791579008102,0.023034973070025444,,197
,,,,,,0.00016,198
0,0.0,0.009921718388795853,0.011958219110965729,0.03021189570426941,0.02801722101867199,,198
,,,,,,0.00016,199
0,0.0,0.0007015352603048086,0.005215319339185953,0.03938281908631325,0.021696776151657104,,199
,,,,,,0.00016,200
0,0.0,0.007735890801995993,0.008488744497299194,0.021269962191581726,0.02049306035041809,,200
,,,,,,0.00016,201
0,0.0,0.02444791980087757,0.013577302917838097,0.023271052166819572,0.03947777301073074,,201
,,,,,,0.00016,202
0,0.0,0.0004927997360937297,0.005880006588995457,0.031102895736694336,0.017514249309897423,,202
,,,,,,0.00016,203
0,0.0,0.002126172184944153,0.006558768916875124,0.026180120185017586,0.01685592532157898,,203
,,,,,,0.00016,204
0,0.0,0.0032477499917149544,0.006762192118912935,0.01985420286655426,0.014865399338304996,,204
,,,,,,0.00016,205
0,0.0,0.010041041299700737,0.011539420112967491,0.044349994510412216,0.035100892186164856,,205
,,,,,,0.00016,206
0,0.0,0.00839848443865776,0.0066205840557813644,0.027749065309762955,0.023928161710500717,,206
,,,,,,0.00016,207
0,0.0,0.0002556879189796746,0.004950712434947491,0.032072514295578,0.017529623582959175,,207
,,,,,,0.00016,208
0,0.0,0.006554110907018185,0.00588578823953867,0.019070912152528763,0.017561012879014015,,208
,,,,,,0.00016,209
0,0.0,0.01808912679553032,0.012966873124241829,0.022674178704619408,0.03266793489456177,,209
,,,,,,0.00016,210
0,0.0,0.0009080099407583475,0.003932062536478043,0.02633170410990715,0.015056876465678215,,210
,,,,,,0.00016,211
0,0.0,9.022125595947728e-05,0.004823037423193455,0.0472918301820755,0.02494189515709877,,211
,,,,,,0.00016,212
0,0.0,0.03644144535064697,0.01977040059864521,0.025963621214032173,0.0543658584356308,,212
,,,,,,0.00016,213
0,0.0,0.0006822283612564206,0.00614413246512413,0.0321723073720932,0.01830441504716873,,213
,,,,,,0.00016,214
0,0.0,0.0016874977154657245,0.005753097590059042,0.026921207085251808,0.01658637635409832,,214
,,,,,,0.00016,215
0,0.0,0.004251447971910238,0.009767252951860428,0.034162189811468124,0.02377435564994812,,215
,,,,,,0.00016,216
0,0.0,0.016700509935617447,0.01237091887742281,0.02667282335460186,0.033129651099443436,,216
,,,,,,0.00016,217
0,0.0,0.027580512687563896,0.014717105776071548,0.017111850902438164,0.039815716445446014,,217
,,,,,,0.00016,218
0,0.0,0.020079903304576874,0.012780830264091492,0.018373791128396988,0.03246200829744339,,218
,,,,,,0.00016,219
0,0.0,0.0010387214133515954,0.005252276547253132,0.027972815558314323,0.016338199377059937,,219
,,,,,,0.00016,220
0,0.0,0.0018049654318019748,0.007320870645344257,0.027600159868597984,0.017435263842344284,,220
,,,,,,0.00016,221
0,0.0,0.001754194963723421,0.005655580200254917,0.020447848364710808,0.013392013497650623,,221
,,,,,,0.00016,222
0,0.0,0.004770222119987011,0.009473251178860664,0.034714143723249435,0.024495605379343033,,222
,,,,,,0.00016,223
0,0.0,0.009508944116532803,0.010775083675980568,0.026588749140501022,0.025497090071439743,,223
,,,,,,0.00016,224
0,0.0,0.02122235670685768,0.013325507752597332,0.018612707033753395,0.033860087394714355,,224
,,,,,,0.00016,225
0,0.0,0.015550054609775543,0.011845558881759644,0.018712738528847694,0.027867812663316727,,225
,,,,,,0.00016,226
0,0.0,0.005075734108686447,0.0047525973059237,0.012564043514430523,0.012545906007289886,,226
,,,,,,0.00016,227
0,0.0,0.0006711134919896722,0.004556102212518454,0.026696018874645233,0.015158148482441902,,227
,,,,,,0.00016,228
0,0.0,0.004792016465216875,0.006948300637304783,0.017329439520835876,0.015193812549114227,,228
,,,,,,0.00016,229
0,0.0,0.006707344204187393,0.008089876733720303,0.022774886339902878,0.02011725679039955,,229
,,,,,,0.00016,230
0,0.0,0.002266024937853217,0.005828459747135639,0.018277179449796677,0.012861729599535465,,230
,,,,,,0.00016,231
0,0.0,0.003807871602475643,0.005608523264527321,0.01959439367055893,0.015007199719548225,,231
,,,,,,0.00016,232
0,0.0,0.00011316240124870092,0.004122317302972078,0.03421687334775925,0.0182521790266037,,232
,,,,,,0.00016,233
0,0.0,0.01709507778286934,0.011344498954713345,0.02614772692322731,0.033005066215991974,,233
,,,,,,0.00016,234
0,0.0,0.003272485686466098,0.00520087406039238,0.027897262945771217,0.01852133497595787,,234
,,,,,,0.00016,235
0,0.0,0.006916153244674206,0.011620385572314262,0.034066859632730484,0.026854678988456726,,235
,,,,,,0.00016,236
0,0.0,0.02708403393626213,0.014899784699082375,0.036314040422439575,0.048965997993946075,,236
,,,,,,0.00016,237
0,0.0,0.0040878658182919025,0.008536044508218765,0.03127876669168472,0.021861258894205093,,237
,,,,,,0.00016,238
0,0.0,0.01649344526231289,0.009648134931921959,0.031479381024837494,0.03464516997337341,,238
,,,,,,0.00016,239
0,0.0,0.012221723794937134,0.008583171293139458,0.023132547736167908,0.02593379095196724,,239
,,,,,,0.00016,240
0,0.0,0.02403171733021736,0.01592644676566124,0.02290116250514984,0.03946391120553017,,240
,,,,,,0.00016,241
0,0.0,0.0004492659354582429,0.004408244974911213,0.02269357442855835,0.012898113578557968,,241
,,,,,,0.00016,242
0,0.0,0.0003771882620640099,0.003814895171672106,0.017738770693540573,0.010200297459959984,,242
,,,,,,0.00016,243
0,0.0,0.0017773604486137629,0.008244888857007027,0.03450551629066467,0.021091340109705925,,243
,,,,,,0.00016,244
0,0.0,0.02555522695183754,0.01850864104926586,0.038234204053878784,0.049299489706754684,,244
,,,,,,0.00016,245
0,0.0,0.030646467581391335,0.016682762652635574,0.02132394164800644,0.04547913372516632,,245
,,,,,,0.00016,246
0,0.0,0.004691915586590767,0.008919207379221916,0.04059215635061264,0.027217796072363853,,246
,,,,,,0.00016,247
0,0.0,0.006835051346570253,0.00974695198237896,0.044260717928409576,0.03140214830636978,,247
,,,,,,0.00016,248
0,0.0,0.012904108501970768,0.009871656075119972,0.019657380878925323,0.02520071156322956,,248
,,,,,,0.00016,249
0,0.0,0.0002446536091156304,0.004213929176330566,0.0253005288541317,0.013948400504887104,,249
,,,,,,0.00016,250
0,0.0,0.01576392725110054,0.010193550027906895,0.025891944766044617,0.03125828504562378,,250
,,,,,,0.00016,251
0,0.0,0.024846594780683517,0.011936443857848644,0.022883238270878792,0.03927232325077057,,251
,,,,,,0.00016,252
0,0.0,7.40789037081413e-05,0.0038621844723820686,0.02863720990717411,0.015358230099081993,,252
,,,,,,0.00016,253
0,0.0,0.0019800961017608643,0.008260034956037998,0.041393574327230453,0.024741893634200096,,253
,,,,,,0.00016,254
0,0.0,0.001627302379347384,0.00785786285996437,0.03497924655675888,0.021081391721963882,,254
,,,,,,0.00016,255
0,0.0,0.0032363201025873423,0.008924674242734909,0.030961791053414345,0.0209483839571476,,255
,,,,,,0.00016,256
0,0.0,0.01278918981552124,0.009364279918372631,0.015623488463461399,0.02294200286269188,,256
,,,,,,0.00016,257
0,0.0,0.0011692253174260259,0.004819285590201616,0.028730090707540512,0.016739092767238617,,257
,,,,,,0.00016,258
0,0.0,0.001377572538331151,0.005844877101480961,0.02555778995156288,0.01561768725514412,,258
,,,,,,0.00016,259
0,0.0,0.004256598651409149,0.00782405212521553,0.028575362637639046,0.020500293001532555,,259
,,,,,,0.00016,260
0,0.0,0.0018399660475552082,0.004817154724150896,0.014512445777654648,0.010300477966666222,,260
,,,,,,0.00016,261
0,0.0,0.005296962335705757,0.006690739654004574,0.016192656010389328,0.015065975487232208,,261
,,,,,,0.00016,262
0,0.0,0.0032104309648275375,0.005943204741925001,0.019062373787164688,0.014227419160306454,,262
,,,,,,0.00016,263
0,0.0,0.00017505785217508674,0.0033873654901981354,0.019452741369605064,0.010748269967734814,,263
,,,,,,0.00016,264
0,0.0,0.025147590786218643,0.01460247952491045,0.01794438250362873,0.037770405411720276,,264
,,,,,,0.00016,265
0,0.0,0.007382450625300407,0.008523685857653618,0.02036488614976406,0.019695814698934555,,265
,,,,,,0.00016,266
0,0.0,0.04648904874920845,0.02229229360818863,0.02229229360818863,0.06320826709270477,,266
,,,,,,0.00016,267
0,0.0,0.025590168312191963,0.01593349128961563,0.01593349128961563,0.037540286779403687,,267
,,,,,,0.00016,268
0,0.0,0.016127537935972214,0.014302751049399376,0.021314889192581177,0.030360668897628784,,268
,,,,,,0.00016,269
0,0.0,0.00415470264852047,0.008791975677013397,0.025982223451137543,0.01934380829334259,,269
,,,,,,0.00016,270
0,0.0,0.0002452837070450187,0.005278643686324358,0.04124445468187332,0.02218717150390148,,270
,,,,,,0.00016,271
0,0.0,0.006229660473763943,0.006606162525713444,0.02045399509370327,0.018108198419213295,,271
,,,,,,0.00016,272
0,0.0,0.00046161169302649796,0.00487448088824749,0.027968179434537888,0.015664322301745415,,272
,,,,,,0.00016,273
0,0.0,0.011753472499549389,0.01049015298485756,0.021062307059764862,0.02490716427564621,,273
,,,,,,0.00016,274
0,0.0,0.009136944077908993,0.011226437985897064,0.03296053409576416,0.028423821553587914,,274
,,,,,,0.00016,275
0,0.0,0.0026960019022226334,0.009419863112270832,0.03874863684177399,0.024425284937024117,,275
,,,,,,0.00016,276
0,0.0,0.003001239849254489,0.007554144598543644,0.03499670326709747,0.022388126701116562,,276
,,,,,,0.00016,277
0,0.0,0.004888825584203005,0.0067150890827178955,0.018776312470436096,0.01595575362443924,,277
,,,,,,0.00016,278
0,0.0,0.002446311991661787,0.004603552632033825,0.019367434084415436,0.013280916959047318,,278
,,,,,,0.00016,279
0,0.0,0.005014977417886257,0.005301869474351406,0.014601322822272778,0.013641105964779854,,279
,,,,,,0.00016,280
0,0.0,0.006230968050658703,0.0069373734295368195,0.016074642539024353,0.016002632677555084,,280
,,,,,,0.00016,281
0,0.0,0.00022511988936457783,0.003465913701802492,0.02416437491774559,0.01317378506064415,,281
,,,,,,0.00016,282
0,0.0,0.03704730421304703,0.022008802741765976,0.0297954510897398,0.057447224855422974,,282
,,,,,,0.00016,283
0,0.0,0.0018088158685714006,0.007601831573992968,0.02986064925789833,0.018639598041772842,,283
,,,,,,0.00016,284
0,0.0,0.002322802087292075,0.008679081685841084,0.04246530681848526,0.0257252249866724,,284
,,,,,,0.00016,285
0,0.0,0.00819537416100502,0.010339340195059776,0.02736329287290573,0.024461854249238968,,285
,,,,,,0.00016,286
0,0.0,0.001095299143344164,0.0063832891173660755,0.027251895517110825,0.01631706953048706,,286
,,,,,,0.00016,287
0,0.0,7.78085450292565e-06,0.001891037099994719,0.019543733447790146,0.010252406820654869,,287
,,,,,,0.00016,288
0,0.0,0.012498375028371811,0.007686800789088011,0.021156862378120422,0.024998506531119347,,288
,,,,,,0.00016,289
0,0.0,0.015515977516770363,0.010246776044368744,0.01484384760260582,0.025499597191810608,,289
,,,,,,0.00016,290
0,0.0,0.00018495811673346907,0.003975328523665667,0.030028101056814194,0.01619284227490425,,290
,,,,,,0.00016,291
0,0.0,1.110389712266624e-05,0.002678031800314784,0.027462610974907875,0.014411917887628078,,291
,,,,,,0.00016,292
0,0.0,0.04866437613964081,0.020302552729845047,0.026856262236833572,0.06716814637184143,,292
,,,,,,0.00016,293
0,0.0,0.0011968412436544895,0.0063351113349199295,0.033002421259880066,0.01928183063864708,,293
,,,,,,0.00016,294
0,0.0,0.0016792085953056812,0.006224457640200853,0.027947263792157173,0.017208954319357872,,294
,,,,,,0.00016,295
0,0.0,0.00040017050923779607,0.004659480415284634,0.027777694165706635,0.015453888103365898,,295
,,,,,,0.00016,296
0,0.0,0.009819267317652702,0.010198303498327732,0.027300188317894936,0.026018936187028885,,296
,,,,,,0.00016,297
0,0.0,0.0012902464950457215,0.006265874020755291,0.025708353146910667,0.015710892155766487,,297
,,,,,,0.00016,298
0,0.0,0.014578791335225105,0.010253161191940308,0.017928918823599815,0.026106541976332664,,298
,,,,,,0.00016,299
0,0.0,0.0027248128317296505,0.0070386286824941635,0.03180915117263794,0.020389044657349586,,299
,,,,,,0.00016,300
0,0.0,0.0004642602289095521,0.005383963696658611,0.03993786871433258,0.02177918702363968,,300
,,,,,,0.00016,301
0,0.0,0.0005025578429922462,0.005401283502578735,0.028156321495771408,0.015931040048599243,,301
,,,,,,0.00016,302
0,0.0,0.004837994929403067,0.006782283075153828,0.024047140032052994,0.01855713501572609,,302
,,,,,,0.00016,303
0,0.0,0.0010041770292446017,0.007399425376206636,0.036827705800533295,0.021267887204885483,,303
,,,,,,0.00016,304
0,0.0,0.007560654543340206,0.007844858802855015,0.01571280136704445,0.017378270626068115,,304
,,,,,,0.00016,305
0,0.0,0.022324958816170692,0.01580803468823433,0.03478774428367615,0.04367084056138992,,305
,,,,,,0.00016,306
0,0.0,0.0007563474355265498,0.003950122743844986,0.015928197652101517,0.009707976132631302,,306
,,,,,,0.00016,307
0,0.0,0.002908614231273532,0.0038757831789553165,0.010520566254854202,0.009137842804193497,,307
,,,,,,0.00016,308
0,0.0,0.00026036007329821587,0.003724851179867983,0.0270416010171175,0.014712373726069927,,308
,,,,,,0.00016,309
0,0.0,0.0023821312934160233,0.004677705466747284,0.013869020156562328,0.010486067272722721,,309
,,,,,,0.00016,310
0,0.0,0.005917838774621487,0.009423266164958477,0.027602817863225937,0.022075064480304718,,310
,,,,,,0.00016,311
0,0.0,0.021302826702594757,0.014211777597665787,0.036960527300834656,0.04333603382110596,,311
,,,,,,0.00016,312
0,0.0,1.7072217984871177e-15,0.001301836920902133,0.01637505739927292,0.00851298775523901,,312
,,,,,,0.00016,313
0,0.0,0.005073511973023415,0.008164688013494015,0.03185415267944336,0.023041758686304092,,313
,,,,,,0.00016,314
0,0.0,0.011955698020756245,0.010770760476589203,0.02416733279824257,0.026732053607702255,,314
,,,,,,0.00016,315
0,0.0,0.0025340060237795115,0.0066245137713849545,0.028279175981879234,0.018329722806811333,,315
,,,,,,0.00016,316
0,0.0,0.00575848575681448,0.009043845348060131,0.024965908378362656,0.020502399653196335,,316
,,,,,,0.00016,317
0,0.0,0.007339044939726591,0.008427225053310394,0.019526788964867592,0.0192092452198267,,317
,,,,,,0.00016,318
0,0.0,0.007545250002294779,0.009865041822195053,0.03450791537761688,0.02726547047495842,,318
,,,,,,0.00016,319
0,0.0,0.0003690806042868644,0.00393284298479557,0.021401632577180862,0.012053107842803001,,319
,,,,,,0.00016,320
