d_loss_step,epoch,g_loss/adv_step,g_loss/rec_step,g_loss/total_step,lr-Adam,lr-Adam-1,step
,,,,,0.00016,0.0001,0
1.3886287212371826,0,0.6221177577972412,0.8821768760681152,0.4423326849937439,,,0
,,,,,0.00015999998519559389,9.999999111735633e-05,1
1.3918085098266602,0,0.8406637907028198,0.875660240650177,0.44119277596473694,,,1
,,,,,0.0001599999407823814,9.999996446942884e-05,2
1.4051073789596558,0,0.6769858598709106,nan,nan,,,2
,,,,,0.00015999986676038005,9.999992005622802e-05,3
1.3866124153137207,0,0.6373958587646484,nan,nan,,,3
,,,,,0.00015999976312961906,9.999985787777144e-05,4
1.3896143436431885,0,0.6985415816307068,nan,nan,,,4
,,,,,0.0001599996298901394,9.999977793408364e-05,5
1.3863472938537598,0,0.7223210334777832,nan,nan,,,5
,,,,,0.00015999946704199356,9.999968022519613e-05,6
1.3871617317199707,0,0.6911160349845886,nan,nan,,,6
,,,,,0.00015999927458524592,9.999956475114756e-05,7
1.386304497718811,0,0.6785720586776733,nan,nan,,,7
,,,,,0.00015999905251997242,9.999943151198346e-05,8
1.3865180015563965,0,0.6951649785041809,nan,nan,,,8
,,,,,0.00015999880084626076,9.999928050775646e-05,9
1.3863005638122559,0,0.701566755771637,nan,nan,,,9
,,,,,0.00015999851956421027,9.999911173852616e-05,10
1.3863621950149536,0,0.6898478865623474,nan,nan,,,10
,,,,,0.000159998208673932,9.999892520435921e-05,11
1.3863041400909424,0,0.6895908117294312,nan,nan,,,11
,,,,,0.00015999786817554872,9.999872090532923e-05,12
1.3863084316253662,0,0.6968028545379639,nan,nan,,,12
,,,,,0.0001599974980691948,9.999849884151687e-05,13
1.3863080739974976,0,0.6925160884857178,nan,nan,,,13
,,,,,0.00015999709835501637,9.999825901300981e-05,14
1.3862950801849365,0,0.6917871832847595,nan,nan,,,14
,,,,,0.00015999666903317123,9.999800141990273e-05,15
1.3862967491149902,0,0.694993793964386,nan,nan,,,15
,,,,,0.00015999621010382887,9.999772606229732e-05,16
1.3862977027893066,0,0.6919166445732117,nan,nan,,,16
,,,,,0.0001599957215671705,9.99974329403023e-05,17
1.386296033859253,0,0.6938222646713257,nan,nan,,,17
,,,,,0.00015999520342338893,9.999712205403336e-05,18
1.386294960975647,0,0.6927487254142761,nan,nan,,,18
,,,,,0.00015999465567268875,9.999679340361326e-05,19
1.3862946033477783,0,0.6933795809745789,nan,nan,,,19
,,,,,0.0001599940783152862,9.999644698917173e-05,20
1.3862946033477783,0,0.6927855014801025,nan,nan,,,20
,,,,,0.0001599934713514092,9.999608281084554e-05,21
1.3862946033477783,0,0.6938681602478027,nan,nan,,,21
,,,,,0.0001599928347812974,9.999570086877845e-05,22
1.3862950801849365,0,0.6916598081588745,nan,nan,,,22
,,,,,0.00015999216860520206,9.999530116312125e-05,23
1.3862965106964111,0,0.6963530778884888,nan,nan,,,23
,,,,,0.0001599914728233862,9.999488369403173e-05,24
1.3863047361373901,0,0.685175895690918,nan,nan,,,24
,,,,,0.0001599907474361245,9.999444846167473e-05,25
1.386358380317688,0,0.714870035648346,nan,nan,,,25
,,,,,0.00015998999244370337,9.999399546622204e-05,26
1.3867480754852295,0,0.6406872868537903,nan,nan,,,26
,,,,,0.00015998920784642082,9.999352470785251e-05,27
1.3892741203308105,0,0.7802842855453491,nan,nan,,,27
,,,,,0.0001599883936445866,9.999303618675199e-05,28
1.3933794498443604,0,0.6610326170921326,nan,nan,,,28
,,,,,0.00015998754983852218,9.999252990311333e-05,29
1.3874406814575195,0,0.6725948452949524,nan,nan,,,29
,,,,,0.00015998667642856063,9.99920058571364e-05,30
1.3867583274841309,0,0.7082831263542175,nan,nan,,,30
,,,,,0.0001599857734150468,9.99914640490281e-05,31
1.3865296840667725,0,0.7006009817123413,nan,nan,,,31
,,,,,0.00015998484079833718,9.999090447900233e-05,32
1.3863511085510254,0,0.685446560382843,nan,nan,,,32
,,,,,0.00015998387857879995,9.999032714727998e-05,33
1.3863505125045776,0,0.6898114085197449,nan,nan,,,33
,,,,,0.00015998288675681498,9.9989732054089e-05,34
1.3863109350204468,0,0.6963860392570496,nan,nan,,,34
,,,,,0.0001599818653327738,9.99891191996643e-05,35
1.3863121271133423,0,0.6946256756782532,nan,nan,,,35
,,,,,0.00015998081430707963,9.99884885842478e-05,36
1.386298418045044,0,0.6908309459686279,nan,nan,,,36
,,,,,0.00015997973368014749,9.99878402080885e-05,37
1.386300802230835,0,0.6929497718811035,nan,nan,,,37
,,,,,0.00015997862345240393,9.998717407144236e-05,38
1.3862965106964111,0,0.6947199702262878,nan,nan,,,38
,,,,,0.00015997748362428727,9.998649017457236e-05,39
1.3862974643707275,0,0.692493736743927,nan,nan,,,39
,,,,,0.00015997631419624748,9.998578851774849e-05,40
1.3862957954406738,0,0.6927911043167114,nan,nan,,,40
,,,,,0.00015997511516874623,9.998506910124774e-05,41
1.3862948417663574,0,0.6939088106155396,nan,nan,,,41
,,,,,0.0001599738865422569,9.998433192535414e-05,42
1.3862953186035156,0,0.6927093267440796,nan,nan,,,42
,,,,,0.00015997262831726452,9.998357699035873e-05,43
1.3862948417663574,0,0.6933238506317139,nan,nan,,,43
,,,,,0.00015997134049426583,9.998280429655951e-05,44
1.3862946033477783,0,0.6931065917015076,nan,nan,,,44
,,,,,0.00015997002307376922,9.998201384426153e-05,45
1.3862946033477783,0,0.693011462688446,nan,nan,,,45
,,,,,0.0001599686760562948,9.998120563377688e-05,46
1.3862944841384888,0,0.6933779716491699,nan,nan,,,46
,,,,,0.0001599672994423743,9.998037966542459e-05,47
1.3862944841384888,0,0.6928138136863708,nan,nan,,,47
,,,,,0.0001599658932325513,9.997953593953078e-05,48
1.3862946033477783,0,0.6934983134269714,nan,nan,,,48
,,,,,0.00015996445742738087,9.997867445642852e-05,49
1.3862946033477783,0,0.6927374601364136,nan,nan,,,49
,,,,,0.00015996299202742983,9.997779521645789e-05,50
1.3862946033477783,0,0.6939391493797302,nan,nan,,,50
,,,,,0.00015996149703327673,9.997689821996604e-05,51
1.386294960975647,0,0.6917150616645813,nan,nan,,,51
,,,,,0.00015995997244551175,9.997598346730705e-05,52
1.3862965106964111,0,0.6963451504707336,nan,nan,,,52
,,,,,0.0001599584182647368,9.997505095884209e-05,53
1.3863046169281006,0,0.6855521202087402,nan,nan,,,53
,,,,,0.00015995683449156542,9.997410069493926e-05,54
1.386352777481079,0,0.7117510437965393,nan,nan,,,54
,,,,,0.0001599552211266229,9.997313267597375e-05,55
1.386633276939392,0,0.6589362621307373,nan,nan,,,55
,,,,,0.00015995357817054614,9.997214690232769e-05,56
1.387498378753662,0,0.724592387676239,nan,nan,,,56
,,,,,0.0001599519056239837,9.997114337439024e-05,57
1.3871650695800781,0,0.6803401708602905,nan,nan,,,57
,,,,,0.000159950203487596,9.99701220925576e-05,58
1.3864707946777344,0,0.6924611926078796,nan,nan,,,58
,,,,,0.0001599484717620549,9.996908305723296e-05,59
1.3863136768341064,0,0.6991723775863647,nan,nan,,,59
,,,,,0.00015994671044804412,9.996802626882649e-05,60
1.3863391876220703,0,0.6876570582389832,nan,nan,,,60
,,,,,0.000159944919546259,9.99669517277554e-05,61
1.3863320350646973,0,0.6948497891426086,nan,nan,,,61
,,,,,0.00015994309905740652,9.996585943444391e-05,62
1.3863029479980469,0,0.6938109397888184,nan,nan,,,62
,,,,,0.0001599412489822054,9.996474938932324e-05,63
1.386297345161438,0,0.6911189556121826,nan,nan,,,63
,,,,,0.00015993936932138603,9.99636215928316e-05,64
1.3863005638122559,0,0.6952064633369446,nan,nan,,,64
,,,,,0.00015993746007569043,9.996247604541425e-05,65
1.3862991333007812,0,0.6917976140975952,nan,nan,,,65
,,,,,0.0001599355212458724,9.996131274752342e-05,66
1.3862969875335693,0,0.6939889192581177,nan,nan,,,66
,,,,,0.00015993355283269736,9.996013169961839e-05,67
1.386295199394226,0,0.6928086280822754,nan,nan,,,67
,,,,,0.00015993155483694235,9.995893290216538e-05,68
1.3862946033477783,0,0.6933020949363708,nan,nan,,,68
,,,,,0.0001599295272593962,9.99577163556377e-05,69
1.3862944841384888,0,0.6931101679801941,nan,nan,,,69
,,,,,0.0001599274701008593,9.995648206051556e-05,70
1.3862946033477783,0,0.6931335926055908,nan,nan,,,70
,,,,,0.00015992538336214384,9.995523001728628e-05,71
1.3862943649291992,0,0.6932668089866638,nan,nan,,,71
,,,,,0.00015992326704407362,9.995396022644414e-05,72
1.3862944841384888,0,0.6927432417869568,nan,nan,,,72
,,,,,0.00015992112114748412,9.995267268849045e-05,73
1.3862946033477783,0,0.6941177845001221,nan,nan,,,73
,,,,,0.00015991894567322253,9.99513674039335e-05,74
1.3862953186035156,0,0.6907685399055481,nan,nan,,,74
,,,,,0.00015991674062214767,9.995004437328858e-05,75
1.3863000869750977,0,0.6992647051811218,nan,nan,,,75
,,,,,0.00015991450599513003,9.994870359707799e-05,76
1.3863381147384644,0,0.6750543117523193,nan,nan,,,76
,,,,,0.0001599122417930519,9.99473450758311e-05,77
1.3866283893585205,0,0.7272103428840637,nan,nan,,,77
,,,,,0.00015990994801680708,9.99459688100842e-05,78
1.3874311447143555,0,0.6746019124984741,nan,nan,,,78
,,,,,0.0001599076246673011,9.994457480038062e-05,79
1.3866825103759766,0,0.6884283423423767,nan,nan,,,79
,,,,,0.00015990527174545124,9.99431630472707e-05,80
1.386340618133545,0,0.7039926648139954,nan,nan,,,80
,,,,,0.00015990288925218633,9.994173355131176e-05,81
1.3864257335662842,0,0.6875606775283813,nan,nan,,,81
,,,,,0.000159900477188447,9.994028631306817e-05,82
1.3863288164138794,0,0.6906417608261108,nan,nan,,,82
,,,,,0.00015989803555518548,9.993882133311125e-05,83
1.386301875114441,0,0.6963353157043457,nan,nan,,,83
,,,,,0.00015989556435336565,9.993733861201935e-05,84
1.3863074779510498,0,0.6928852200508118,nan,nan,,,84
,,,,,0.00015989306358396314,9.993583815037785e-05,85
1.386297345161438,0,0.692163348197937,nan,nan,,,85
,,,,,0.00015989053324796522,9.99343199487791e-05,86
1.386296272277832,0,0.6939488649368286,nan,nan,,,86
,,,,,0.0001598879733463708,9.993278400782245e-05,87
1.3862957954406738,0,0.6933470964431763,nan,nan,,,87
,,,,,0.0001598853838801905,9.993123032811428e-05,88
1.3862946033477783,0,0.6926361918449402,nan,nan,,,88
,,,,,0.0001598827648504466,9.992965891026793e-05,89
1.386294960975647,0,0.6933193206787109,nan,nan,,,89
,,,,,0.00015988011625817306,9.992806975490381e-05,90
1.3862946033477783,0,0.6931406855583191,nan,nan,,,90
,,,,,0.00015987743810441549,9.992646286264927e-05,91
1.3862944841384888,0,0.6928961873054504,nan,nan,,,91
,,,,,0.00015987473039023116,9.992483823413868e-05,92
1.3862946033477783,0,0.6935260891914368,nan,nan,,,92
,,,,,0.0001598719931166891,9.992319587001344e-05,93
1.3862944841384888,0,0.6929464340209961,nan,nan,,,93
,,,,,0.00015986922628486987,9.992153577092191e-05,94
1.3862944841384888,0,0.6933057904243469,nan,nan,,,94
,,,,,0.0001598664298958658,9.991985793751948e-05,95
1.3862944841384888,0,0.6930416226387024,nan,nan,,,95
,,,,,0.00015986360395078088,9.991816237046853e-05,96
1.3862946033477783,0,0.693364143371582,nan,nan,,,96
,,,,,0.00015986074845073073,9.991644907043844e-05,97
1.3862944841384888,0,0.692787766456604,nan,nan,,,97
,,,,,0.00015985786339684264,9.991471803810558e-05,98
1.3862946033477783,0,0.6939074397087097,nan,nan,,,98
,,,,,0.00015985494879025564,9.991296927415337e-05,99
1.386294960975647,0,0.6912786960601807,nan,nan,,,99
,,,,,0.0001598520046321203,9.991120277927216e-05,100
1.386298418045044,0,0.6983011364936829,nan,nan,,,100
,,,,,0.00015984903092359896,9.990941855415934e-05,101
1.3863201141357422,0,0.6821063756942749,nan,nan,,,101
,,,,,0.00015984602766586558,9.990761659951932e-05,102
1.3864192962646484,0,0.7097031474113464,nan,nan,,,102
,,,,,0.00015984299486010585,9.990579691606348e-05,103
1.3865666389465332,0,0.6819186210632324,nan,nan,,,103
,,,,,0.000159839932507517,9.990395950451017e-05,104
1.3864665031433105,0,0.7019044756889343,nan,nan,,,104
,,,,,0.00015983684060930808,9.990210436558481e-05,105
1.386410117149353,0,0.6807025074958801,nan,nan,,,105
,,,,,0.00015983371916669962,9.990023150001974e-05,106
1.3864612579345703,0,0.703213095664978,nan,nan,,,106
,,,,,0.000159830568180924,9.989834090855437e-05,107
1.3864116668701172,0,0.6882823705673218,nan,nan,,,107
,,,,,0.0001598273876532251,9.989643259193505e-05,108
1.3863320350646973,0,0.6915751695632935,nan,nan,,,108
,,,,,0.00015982417758485866,9.989450655091518e-05,109
1.386303186416626,0,0.6962074041366577,nan,nan,,,109
,,,,,0.00015982093797709186,9.989256278625508e-05,110
1.3863039016723633,0,0.691737711429596,nan,nan,,,110
,,,,,0.0001598176688312037,9.989060129872218e-05,111
1.3863000869750977,0,0.6928204894065857,nan,nan,,,111
,,,,,0.00015981437014848476,9.988862208909081e-05,112
1.386294960975647,0,0.6944327354431152,nan,nan,,,112
,,,,,0.0001598110419302373,9.988662515814233e-05,113
1.3862968683242798,0,0.6921256184577942,nan,nan,,,113
,,,,,0.00015980768417777526,9.988461050666511e-05,114
1.3862959146499634,0,0.6940263509750366,nan,nan,,,114
,,,,,0.00015980429689242426,9.988257813545451e-05,115
1.3862957954406738,0,0.6921715140342712,nan,nan,,,115
,,,,,0.0001598008800755215,9.988052804531285e-05,116
1.3862959146499634,0,0.6945846080780029,nan,nan,,,116
,,,,,0.0001597974337284159,9.987846023704949e-05,117
1.3862968683242798,0,0.6912819743156433,nan,nan,,,117
,,,,,0.00015979395785246806,9.987637471148077e-05,118
1.3862977027893066,0,0.695360004901886,nan,nan,,,118
,,,,,0.00015979045244905014,9.987427146943002e-05,119
1.3862998485565186,0,0.6898012161254883,nan,nan,,,119
,,,,,0.00015978691751954602,9.987215051172756e-05,120
1.3863087892532349,0,0.6992956399917603,nan,nan,,,120
,,,,,0.0001597833530653513,9.987001183921073e-05,121
1.386342167854309,0,0.6839812994003296,nan,nan,,,121
,,,,,0.00015977975908787313,9.986785545272383e-05,122
1.3863985538482666,0,0.7003836035728455,nan,nan,,,122
,,,,,0.00015977613558853032,9.986568135311815e-05,123
1.386350393295288,0,0.691756546497345,nan,nan,,,123
,,,,,0.00015977248256875343,9.986348954125202e-05,124
1.3863117694854736,0,0.6912196278572083,nan,nan,,,124
,,,,,0.00015976880002998458,9.986128001799071e-05,125
1.3863012790679932,0,0.6959214806556702,nan,nan,,,125
,,,,,0.00015976508797367758,9.985905278420651e-05,126
1.3863040208816528,0,0.6919313669204712,nan,nan,,,126
,,,,,0.0001597613464012979,9.985680784077872e-05,127
1.386298418045044,0,0.6933994293212891,nan,nan,,,127
,,,,,0.00015975757531432267,9.985454518859357e-05,128
1.3862955570220947,0,0.6929798126220703,nan,nan,,,128
,,,,,0.00015975377471424065,9.985226482854435e-05,129
1.3862948417663574,0,0.692905604839325,nan,nan,,,129
,,,,,0.0001597499446025522,9.984996676153129e-05,130
1.3862948417663574,0,0.6938172578811646,nan,nan,,,130
,,,,,0.00015974608498076946,9.984765098846164e-05,131
1.3862950801849365,0,0.6923253536224365,nan,nan,,,131
,,,,,0.00015974219585041612,9.984531751024965e-05,132
1.3862957954406738,0,0.694337785243988,nan,nan,,,132
,,,,,0.00015973827721302752,9.98429663278165e-05,133
1.3862967491149902,0,0.6916062235832214,nan,nan,,,133
,,,,,0.0001597343290701507,9.984059744209041e-05,134
1.3862979412078857,0,0.6952796578407288,nan,nan,,,134
,,,,,0.00015973035142334435,9.983821085400659e-05,135
1.3862988948822021,0,0.6906681060791016,nan,nan,,,135
,,,,,0.00015972634427417878,9.983580656450724e-05,136
1.3863005638122559,0,0.6961290240287781,nan,nan,,,136
,,,,,0.0001597223076242359,9.983338457454151e-05,137
1.3863030672073364,0,0.6897590756416321,nan,nan,,,137
,,,,,0.00015971824147510938,9.98309448850656e-05,138
1.386307716369629,0,0.6978004574775696,nan,nan,,,138
,,,,,0.0001597141458284044,9.982848749704262e-05,139
1.3863162994384766,0,0.6882595419883728,nan,nan,,,139
,,,,,0.0001597100206857379,9.982601241144271e-05,140
1.3863184452056885,0,0.6980471014976501,nan,nan,,,140
,,,,,0.0001597058660487384,9.982351962924302e-05,141
1.3863141536712646,0,0.6900269389152527,nan,nan,,,141
,,,,,0.00015970168191904607,9.982100915142763e-05,142
1.3863065242767334,0,0.6952727437019348,nan,nan,,,142
,,,,,0.00015969746829831282,9.981848097898768e-05,143
1.3862990140914917,0,0.6921994090080261,nan,nan,,,143
,,,,,0.00015969322518820205,9.981593511292121e-05,144
1.386296033859253,0,0.693608283996582,nan,nan,,,144
,,,,,0.00015968895259038887,9.98133715542333e-05,145
1.3862954378128052,0,0.692725658416748,nan,nan,,,145
,,,,,0.00015968465050656007,9.981079030393602e-05,146
1.3862950801849365,0,0.6941717267036438,nan,nan,,,146
,,,,,0.00015968031893841405,9.980819136304839e-05,147
1.3862955570220947,0,0.6913211941719055,nan,nan,,,147
,,,,,0.00015967595788766078,9.980557473259643e-05,148
1.3862981796264648,0,0.6958770751953125,nan,nan,,,148
,,,,,0.00015967156735602198,9.980294041361316e-05,149
1.3863029479980469,0,0.6886036992073059,nan,nan,,,149
,,,,,0.00015966714734523096,9.980028840713856e-05,150
1.386322259902954,0,0.6990785598754883,nan,nan,,,150
,,,,,0.00015966269785703266,9.979761871421958e-05,151
1.3863379955291748,0,0.6855924725532532,nan,nan,,,151
,,,,,0.00015965821889318368,9.97949313359102e-05,152
1.386357069015503,0,0.7022699117660522,nan,nan,,,152
,,,,,0.00015965371045545225,9.979222627327133e-05,153
1.3863780498504639,0,0.687248706817627,nan,nan,,,153
,,,,,0.00015964917254561822,9.978950352737091e-05,154
1.3863461017608643,0,0.6960504055023193,nan,nan,,,154
,,,,,0.0001596446051654731,9.978676309928383e-05,155
1.386304259300232,0,0.6920850872993469,nan,nan,,,155
,,,,,0.00015964000831681995,9.978400499009195e-05,156
1.3862979412078857,0,0.6935434341430664,nan,nan,,,156
,,,,,0.00015963538200147362,9.978122920088416e-05,157
1.386295199394226,0,0.6928742527961731,nan,nan,,,157
,,,,,0.00015963072622126047,9.977843573275625e-05,158
1.3862950801849365,0,0.6939871311187744,nan,nan,,,158
,,,,,0.00015962604097801856,9.97756245868111e-05,159
1.3862953186035156,0,0.6913759112358093,nan,nan,,,159
,,,,,0.0001596213262735975,9.977279576415846e-05,160
1.3862980604171753,0,0.6964952349662781,nan,nan,,,160
,,,,,0.00015961658210985856,9.97699492659151e-05,161
1.3863067626953125,0,0.6892547011375427,nan,nan,,,161
,,,,,0.00015961180848867473,9.97670850932048e-05,162
1.3863131999969482,0,0.6981715559959412,nan,nan,,,162
,,,,,0.00015960700541193054,9.976420324715828e-05,163
1.3863184452056885,0,0.6905471086502075,nan,nan,,,163
,,,,,0.00015960217288152215,9.976130372891325e-05,164
1.386303186416626,0,0.6942561268806458,nan,nan,,,164
,,,,,0.00015959731089935738,9.975838653961438e-05,165
1.3863002061843872,0,0.6924099326133728,nan,nan,,,165
,,,,,0.00015959241946735567,9.975545168041335e-05,166
1.386296033859253,0,0.6933171153068542,nan,nan,,,166
,,,,,0.00015958749858744806,9.975249915246878e-05,167
1.3862948417663574,0,0.6937621235847473,nan,nan,,,167
,,,,,0.00015958254826157727,9.974952895694629e-05,168
1.3862954378128052,0,0.6921213269233704,nan,nan,,,168
,,,,,0.00015957756849169756,9.974654109501846e-05,169
1.3862957954406738,0,0.694412112236023,nan,nan,,,169
,,,,,0.0001595725592797749,9.974353556786486e-05,170
1.3862959146499634,0,0.6919363737106323,nan,nan,,,170
,,,,,0.00015956752062778684,9.974051237667202e-05,171
1.3862961530685425,0,0.6942318081855774,nan,nan,,,171
,,,,,0.00015956245253772255,9.973747152263345e-05,172
1.3862957954406738,0,0.6920110583305359,nan,nan,,,172
,,,,,0.00015955735501158285,9.973441300694963e-05,173
1.3862957954406738,0,0.6943168044090271,nan,nan,,,173
,,,,,0.00015955222805138011,9.9731336830828e-05,174
1.3862957954406738,0,0.6918182373046875,nan,nan,,,174
,,,,,0.00015954707165913846,9.9728242995483e-05,175
1.386296272277832,0,0.6950001120567322,nan,nan,,,175
,,,,,0.0001595418858368935,9.972513150213603e-05,176
1.3862979412078857,0,0.6905121803283691,nan,nan,,,176
,,,,,0.0001595366705866925,9.972200235201544e-05,177
1.3863015174865723,0,0.6968333125114441,nan,nan,,,177
,,,,,0.00015953142591059445,9.971885554635659e-05,178
1.3863089084625244,0,0.6888076663017273,nan,nan,,,178
,,,,,0.00015952615181066978,9.971569108640179e-05,179
1.3863141536712646,0,0.6968791484832764,nan,nan,,,179
,,,,,0.0001595208482890006,9.971250897340029e-05,180
1.386313557624817,0,0.690818727016449,nan,nan,,,180
,,,,,0.00015951551534768073,9.970930920860836e-05,181
1.3863002061843872,0,0.6939679384231567,nan,nan,,,181
,,,,,0.00015951015298881551,9.970609179328922e-05,182
1.3862959146499634,0,0.6931538581848145,nan,nan,,,182
,,,,,0.0001595047612145219,9.970285672871305e-05,183
1.3862948417663574,0,0.6929386854171753,nan,nan,,,183
,,,,,0.00015949934002692847,9.9699604016157e-05,184
1.3862948417663574,0,0.6936556100845337,nan,nan,,,184
,,,,,0.00015949388942817545,9.96963336569052e-05,185
1.3862953186035156,0,0.6916995048522949,nan,nan,,,185
,,,,,0.00015948840942041465,9.969304565224871e-05,186
1.3862972259521484,0,0.6962385177612305,nan,nan,,,186
,,,,,0.00015948290000580945,9.96897400034856e-05,187
1.3863060474395752,0,0.6883935928344727,nan,nan,,,187
,,,,,0.00015947736118653494,9.968641671192089e-05,188
1.3863186836242676,0,0.6975202560424805,nan,nan,,,188
,,,,,0.0001594717929647777,9.968307577886655e-05,189
1.3863158226013184,0,0.6906154155731201,nan,nan,,,189
,,,,,0.00015946619534273603,9.967971720564155e-05,190
1.3863035440444946,0,0.6943665742874146,nan,nan,,,190
,,,,,0.00015946056832261973,9.967634099357177e-05,191
1.3862967491149902,0,0.6926347613334656,nan,nan,,,191
,,,,,0.00015945491190665032,9.967294714399013e-05,192
1.3862957954406738,0,0.693123996257782,nan,nan,,,192
,,,,,0.0001594492260970608,9.966953565823642e-05,193
1.3862946033477783,0,0.6934999227523804,nan,nan,,,193
,,,,,0.00015944351089609583,9.966610653765744e-05,194
1.3862946033477783,0,0.6927087306976318,nan,nan,,,194
,,,,,0.00015943776630601177,9.966265978360702e-05,195
1.3862946033477783,0,0.6933644413948059,nan,nan,,,195
,,,,,0.0001594319923290764,9.965919539744581e-05,196
1.3862946033477783,0,0.6929150223731995,nan,nan,,,196
,,,,,0.00015942618896756927,9.965571338054152e-05,197
1.3862944841384888,0,0.6933428645133972,nan,nan,,,197
,,,,,0.00015942035622378142,9.965221373426881e-05,198
1.3862944841384888,0,0.6929442286491394,nan,nan,,,198
,,,,,0.00015941449410001552,9.964869646000926e-05,199
1.3862944841384888,0,0.6934585571289062,nan,nan,,,199
,,,,,0.00015940860259858585,9.964516155915146e-05,200
1.3862946033477783,0,0.6925167441368103,nan,nan,,,200
,,,,,0.00015940268172181824,9.964160903309089e-05,201
1.386294960975647,0,0.6946235299110413,nan,nan,,,201
,,,,,0.00015939673147205024,9.963803888323009e-05,202
1.3862974643707275,0,0.6895295977592468,nan,nan,,,202
,,,,,0.00015939075185163084,9.963445111097846e-05,203
1.3863084316253662,0,0.6992653012275696,nan,nan,,,203
,,,,,0.00015938474286292074,9.963084571775241e-05,204
1.3863341808319092,0,0.6885849237442017,nan,nan,,,204
,,,,,0.0001593787045082922,9.962722270497528e-05,205
1.3863263130187988,0,0.6967288255691528,nan,nan,,,205
,,,,,0.00015937263679012903,9.962358207407738e-05,206
1.3863096237182617,0,0.6888940334320068,nan,nan,,,206
,,,,,0.0001593665397108267,9.961992382649598e-05,207
1.3863121271133423,0,0.6960769295692444,nan,nan,,,207
,,,,,0.00015936041327279223,9.96162479636753e-05,208
1.386309266090393,0,0.6916230916976929,nan,nan,,,208
,,,,,0.00015935425747844425,9.961255448706651e-05,209
1.3862981796264648,0,0.6929879188537598,nan,nan,,,209
,,,,,0.00015934807233021297,9.960884339812774e-05,210
1.3862957954406738,0,0.6937499642372131,nan,nan,,,210
,,,,,0.00015934185783054015,9.960511469832406e-05,211
1.3862950801849365,0,0.6922814846038818,nan,nan,,,211
,,,,,0.00015933561398187926,9.960136838912752e-05,212
1.386296033859253,0,0.6945788264274597,nan,nan,,,212
,,,,,0.0001593293407866952,9.959760447201708e-05,213
1.3862969875335693,0,0.6916513442993164,nan,nan,,,213
,,,,,0.00015932303824746453,9.959382294847868e-05,214
1.3862972259521484,0,0.6945644021034241,nan,nan,,,214
,,,,,0.0001593167063666754,9.959002382000521e-05,215
1.3862966299057007,0,0.6920462846755981,nan,nan,,,215
,,,,,0.00015931034514682756,9.958620708809651e-05,216
1.3862959146499634,0,0.6938515901565552,nan,nan,,,216
,,,,,0.0001593039545904323,9.958237275425935e-05,217
1.386294960975647,0,0.6928579807281494,nan,nan,,,217
,,,,,0.00015929753470001251,9.957852082000748e-05,218
1.3862946033477783,0,0.6932953000068665,nan,nan,,,218
,,,,,0.00015929108547810267,9.957465128686158e-05,219
1.3862946033477783,0,0.693222165107727,nan,nan,,,219
,,,,,0.00015928460692724882,9.957076415634927e-05,220
1.3862944841384888,0,0.6930909752845764,nan,nan,,,220
,,,,,0.00015927809905000862,9.956685943000514e-05,221
1.3862943649291992,0,0.6933830976486206,nan,nan,,,221
,,,,,0.00015927156184895123,9.956293710937071e-05,222
1.3862944841384888,0,0.6925969123840332,nan,nan,,,222
,,,,,0.00015926499532665746,9.955899719599445e-05,223
1.3862948417663574,0,0.6943163871765137,nan,nan,,,223
,,,,,0.0001592583994857197,9.955503969143179e-05,224
1.3862957954406738,0,0.6908203959465027,nan,nan,,,224
,,,,,0.0001592517743287418,9.955106459724506e-05,225
1.386299967765808,0,0.6968927383422852,nan,nan,,,225
,,,,,0.00015924511985833932,9.954707191500358e-05,226
1.3863086700439453,0,0.6887086033821106,nan,nan,,,226
,,,,,0.00015923843607713935,9.95430616462836e-05,227
1.3863162994384766,0,0.6962332129478455,nan,nan,,,227
,,,,,0.00015923172298778053,9.953903379266831e-05,228
1.3863050937652588,0,0.6926584243774414,nan,nan,,,228
,,,,,0.00015922498059291307,9.953498835574784e-05,229
1.3862953186035156,0,0.6926085352897644,nan,nan,,,229
,,,,,0.00015921820889519878,9.953092533711927e-05,230
1.386295199394226,0,0.6942909955978394,nan,nan,,,230
,,,,,0.000159211407897311,9.952684473838662e-05,231
1.386296033859253,0,0.6910945177078247,nan,nan,,,231
,,,,,0.00015920457760193468,9.952274656116082e-05,232
1.386301040649414,0,0.6960139870643616,nan,nan,,,232
,,,,,0.00015919771801176628,9.951863080705978e-05,233
1.386298656463623,0,0.691748321056366,nan,nan,,,233
,,,,,0.00015919082912951388,9.951449747770834e-05,234
1.3862979412078857,0,0.6936497092247009,nan,nan,,,234
,,,,,0.00015918391095789708,9.951034657473827e-05,235
1.3862948417663574,0,0.693451464176178,nan,nan,,,235
,,,,,0.0001591769634996471,9.950617809978829e-05,236
1.3862947225570679,0,0.6928666234016418,nan,nan,,,236
,,,,,0.0001591699867575067,9.950199205450404e-05,237
1.3862946033477783,0,0.6936068534851074,nan,nan,,,237
,,,,,0.0001591629807342301,9.949778844053808e-05,238
1.3862947225570679,0,0.6924970149993896,nan,nan,,,238
,,,,,0.00015915594543258323,9.949356725954995e-05,239
1.3862948417663574,0,0.6940215826034546,nan,nan,,,239
,,,,,0.00015914888085534351,9.948932851320612e-05,240
1.386295199394226,0,0.691665530204773,nan,nan,,,240
,,,,,0.00015914178700529995,9.948507220317997e-05,241
1.3862968683242798,0,0.6959540247917175,nan,nan,,,241
,,,,,0.00015913466388525304,9.948079833115183e-05,242
1.3863029479980469,0,0.68927001953125,nan,nan,,,242
,,,,,0.00015912751149801485,9.947650689880892e-05,243
1.3863095045089722,0,0.6963904500007629,nan,nan,,,243
,,,,,0.00015912032984640912,9.947219790784548e-05,244
1.3863060474395752,0,0.6913446187973022,nan,nan,,,244
,,,,,0.00015911311893327103,9.946787135996262e-05,245
1.386300802230835,0,0.6941943168640137,nan,nan,,,245
,,,,,0.00015910587876144725,9.946352725686835e-05,246
1.3862967491149902,0,0.6920124888420105,nan,nan,,,246
,,,,,0.0001590986093337962,9.945916560027771e-05,247
1.386296033859253,0,0.694252073764801,nan,nan,,,247
,,,,,0.00015909131065318765,9.94547863919126e-05,248
1.3862957954406738,0,0.6920105814933777,nan,nan,,,248
,,,,,0.00015908398272250303,9.945038963350183e-05,249
1.3862957954406738,0,0.6941336989402771,nan,nan,,,249
,,,,,0.00015907662554463532,9.94459753267812e-05,250
1.3862954378128052,0,0.6921558976173401,nan,nan,,,250
,,,,,0.00015906923912248897,9.94415434734934e-05,251
1.3862955570220947,0,0.6942756175994873,nan,nan,,,251
,,,,,0.00015906182345898004,9.943709407538804e-05,252
1.3862957954406738,0,0.6919081807136536,nan,nan,,,252
,,,,,0.0001590543785570361,9.943262713422169e-05,253
1.386296033859253,0,0.6943613886833191,nan,nan,,,253
,,,,,0.00015904690441959635,9.942814265175784e-05,254
1.3862966299057007,0,0.6916852593421936,nan,nan,,,254
,,,,,0.0001590394010496114,9.942364062976686e-05,255
1.3862967491149902,0,0.6945475935935974,nan,nan,,,255
,,,,,0.00015903186845004348,9.94191210700261e-05,256
1.386296272277832,0,0.6919614672660828,nan,nan,,,256
,,,,,0.0001590243066238663,9.941458397431981e-05,257
1.3862959146499634,0,0.6944454312324524,nan,nan,,,257
,,,,,0.00015901671557406522,9.941002934443915e-05,258
1.3862961530685425,0,0.6917951703071594,nan,nan,,,258
,,,,,0.00015900909530363702,9.940545718218224e-05,259
1.3862969875335693,0,0.6945878267288208,nan,nan,,,259
,,,,,0.00015900144581559007,9.940086748935406e-05,260
1.3862966299057007,0,0.6917575001716614,nan,nan,,,260
,,,,,0.00015899376711294425,9.939626026776658e-05,261
1.3862965106964111,0,0.6943298578262329,nan,nan,,,261
,,,,,0.00015898605919873103,9.939163551923865e-05,262
1.386296033859253,0,0.6921640038490295,nan,nan,,,262
,,,,,0.00015897832207599337,9.938699324559604e-05,263
1.3862955570220947,0,0.6939435005187988,nan,nan,,,263
,,,,,0.0001589705557477857,9.938233344867144e-05,264
1.3862953186035156,0,0.6922831535339355,nan,nan,,,264
,,,,,0.00015896276021717414,9.93776561303045e-05,265
1.3862956762313843,0,0.6945986747741699,nan,nan,,,265
,,,,,0.00015895493548723615,9.93729612923417e-05,266
1.3862967491149902,0,0.6914078593254089,nan,nan,,,266
,,,,,0.00015894708156106088,9.936824893663654e-05,267
1.3862979412078857,0,0.6951985955238342,nan,nan,,,267
,,,,,0.00015893919844174888,9.936351906504934e-05,268
1.3862991333007812,0,0.6909493207931519,nan,nan,,,268
,,,,,0.00015893128613241232,9.93587716794474e-05,269
1.3862996101379395,0,0.6954647898674011,nan,nan,,,269
,,,,,0.00015892334463617482,9.93540067817049e-05,270
1.386301040649414,0,0.6901552081108093,nan,nan,,,270
,,,,,0.0001589153739561716,9.934922437370297e-05,271
1.3863024711608887,0,0.6963476538658142,nan,nan,,,271
,,,,,0.00015890737409554934,9.934442445732961e-05,272
1.386308193206787,0,0.6902258992195129,nan,nan,,,272
,,,,,0.00015889934505746624,9.933960703447975e-05,273
1.386304259300232,0,0.6949305534362793,nan,nan,,,273
,,,,,0.00015889128684509207,9.933477210705525e-05,274
1.386298418045044,0,0.6925013661384583,nan,nan,,,274
,,,,,0.00015888319946160803,9.932991967696483e-05,275
1.3862950801849365,0,0.6931449770927429,nan,nan,,,275
,,,,,0.00015887508291020694,9.932504974612419e-05,276
1.3862946033477783,0,0.6935552358627319,nan,nan,,,276
,,,,,0.00015886693719409308,9.932016231645587e-05,277
1.3862946033477783,0,0.6926717758178711,nan,nan,,,277
,,,,,0.00015885876231648224,9.931525738988936e-05,278
1.3862947225570679,0,0.6936244368553162,nan,nan,,,278
,,,,,0.00015885055828060172,9.931033496836106e-05,279
1.3862946033477783,0,0.692605197429657,nan,nan,,,279
,,,,,0.00015884232508969038,9.930539505381425e-05,280
1.3862948417663574,0,0.693910539150238,nan,nan,,,280
,,,,,0.00015883406274699852,9.930043764819914e-05,281
1.3862950801849365,0,0.6918936967849731,nan,nan,,,281
,,,,,0.000158825771255788,9.929546275347282e-05,282
1.386296033859253,0,0.694831132888794,nan,nan,,,282
,,,,,0.00015881745061933217,9.929047037159932e-05,283
1.3862974643707275,0,0.6910348534584045,nan,nan,,,283
,,,,,0.00015880910084091585,9.928546050454953e-05,284
1.3862993717193604,0,0.6950233578681946,nan,nan,,,284
,,,,,0.00015880072192383545,9.928043315430128e-05,285
1.386298656463623,0,0.6915460824966431,nan,nan,,,285
,,,,,0.00015879231387139884,9.927538832283931e-05,286
1.3862977027893066,0,0.6943251490592957,nan,nan,,,286
,,,,,0.0001587838766869253,9.92703260121552e-05,287
1.386296033859253,0,0.6928215026855469,nan,nan,,,287
,,,,,0.00015877541037374578,9.926524622424749e-05,288
1.3862946033477783,0,0.6930055618286133,nan,nan,,,288
,,,,,0.00015876691493520262,9.926014896112159e-05,289
1.3862946033477783,0,0.6934868693351746,nan,nan,,,289
,,,,,0.0001587583903746497,9.925503422478983e-05,290
1.3862946033477783,0,0.6925864815711975,nan,nan,,,290
,,,,,0.00015874983669545236,9.924990201727142e-05,291
1.3862948417663574,0,0.6940377950668335,nan,nan,,,291
,,,,,0.00015874125390098745,9.924475234059248e-05,292
1.3862953186035156,0,0.6917608976364136,nan,nan,,,292
,,,,,0.00015873264199464337,9.923958519678602e-05,293
1.3862963914871216,0,0.6951285004615784,nan,nan,,,293
,,,,,0.0001587240009798199,9.923440058789195e-05,294
1.386298656463623,0,0.690869152545929,nan,nan,,,294
,,,,,0.0001587153308599284,9.922919851595706e-05,295
1.3862998485565186,0,0.6950989365577698,nan,nan,,,295
,,,,,0.00015870663163839173,9.922397898303505e-05,296
1.3862978219985962,0,0.6919860243797302,nan,nan,,,296
,,,,,0.00015869790331864416,9.921874199118651e-05,297
1.386296272277832,0,0.6939476728439331,nan,nan,,,297
,,,,,0.00015868914590413152,9.921348754247892e-05,298
1.3862950801849365,0,0.6925870776176453,nan,nan,,,298
,,,,,0.00015868035939831107,9.920821563898666e-05,299
1.386294960975647,0,0.6935931444168091,nan,nan,,,299
,,,,,0.00015867154380465163,9.920292628279099e-05,300
1.3862948417663574,0,0.6926958560943604,nan,nan,,,300
,,,,,0.00015866269912663338,9.919761947598005e-05,301
1.3862946033477783,0,0.693587064743042,nan,nan,,,301
,,,,,0.00015865382536774813,9.91922952206489e-05,302
1.3862947225570679,0,0.6925404071807861,nan,nan,,,302
,,,,,0.00015864492253149908,9.918695351889948e-05,303
1.3862948417663574,0,0.6940774321556091,nan,nan,,,303
,,,,,0.00015863599062140092,9.91815943728406e-05,304
1.3862955570220947,0,0.6915238499641418,nan,nan,,,304
,,,,,0.00015862702964097985,9.917621778458796e-05,305
1.3862969875335693,0,0.6952872276306152,nan,nan,,,305
,,,,,0.00015861803959377348,9.917082375626414e-05,306
1.3862991333007812,0,0.691060483455658,nan,nan,,,306
,,,,,0.00015860902048333097,9.916541228999864e-05,307
1.3862988948822021,0,0.6949114799499512,nan,nan,,,307
,,,,,0.00015859997231321293,9.915998338792781e-05,308
1.386297583580017,0,0.6917848587036133,nan,nan,,,308
,,,,,0.00015859089508699138,9.915453705219489e-05,309
1.3862968683242798,0,0.6945204138755798,nan,nan,,,309
,,,,,0.00015858178880824992,9.914907328495002e-05,310
1.3862977027893066,0,0.6913695335388184,nan,nan,,,310
,,,,,0.00015857265348058358,9.914359208835021e-05,311
1.3862979412078857,0,0.6951638460159302,nan,nan,,,311
,,,,,0.0001585634891075988,9.913809346455935e-05,312
1.3862996101379395,0,0.6908912062644958,nan,nan,,,312
,,,,,0.00015855429569291353,9.913257741574819e-05,313
1.3862998485565186,0,0.6948677897453308,nan,nan,,,313
,,,,,0.0001585450732401572,9.912704394409439e-05,314
1.3862981796264648,0,0.6920192837715149,nan,nan,,,314
,,,,,0.0001585358217529707,9.91214930517825e-05,315
1.386296272277832,0,0.6936485171318054,nan,nan,,,315
,,,,,0.00015852654123500636,9.91159247410039e-05,316
1.3862946033477783,0,0.6932376027107239,nan,nan,,,316
,,,,,0.00015851723168992796,9.911033901395686e-05,317
1.3862946033477783,0,0.6929908394813538,nan,nan,,,317
,,,,,0.00015850789312141076,9.910473587284655e-05,318
1.3862944841384888,0,0.6933619976043701,nan,nan,,,318
,,,,,0.00015849852553314153,9.9099115319885e-05,319
1.3862944841384888,0,0.6928198933601379,nan,nan,,,319
,,,,,0.00015848912892881838,9.909347735729111e-05,320
1.3862946033477783,0,0.6935760378837585,nan,nan,,,320
,,,,,0.00015847970331215098,9.908782198729067e-05,321
1.3862946033477783,0,0.6925942301750183,nan,nan,,,321
,,,,,0.00015847024868686043,9.908214921211635e-05,322
1.3862947225570679,0,0.6939199566841125,nan,nan,,,322
,,,,,0.00015846076505667922,9.907645903400762e-05,323
1.3862950801849365,0,0.6918691396713257,nan,nan,,,323
,,,,,0.00015845125242535136,9.907075145521091e-05,324
1.386296272277832,0,0.6953657269477844,nan,nan,,,324
,,,,,0.0001584417107966323,9.906502647797946e-05,325
1.3862998485565186,0,0.6903173327445984,nan,nan,,,325
,,,,,0.0001584321401742889,9.905928410457342e-05,326
1.3863025903701782,0,0.6950666904449463,nan,nan,,,326
,,,,,0.0001584225405620995,9.905352433725978e-05,327
1.386298418045044,0,0.6926589012145996,nan,nan,,,327
,,,,,0.00015841291196385388,9.904774717831241e-05,328
1.3862950801849365,0,0.6928822994232178,nan,nan,,,328
,,,,,0.00015840325438335324,9.904195263001203e-05,329
1.3862947225570679,0,0.6936168074607849,nan,nan,,,329
,,,,,0.00015839356782441027,9.903614069464625e-05,330
1.3862948417663574,0,0.6923548579216003,nan,nan,,,330
,,,,,0.00015838385229084907,9.903031137450953e-05,331
1.3862953186035156,0,0.69437175989151,nan,nan,,,331
,,,,,0.00015837410778650514,9.902446467190317e-05,332
1.3862966299057007,0,0.6914629936218262,nan,nan,,,332
,,,,,0.00015836433431522546,9.901860058913537e-05,333
1.3862977027893066,0,0.6947872042655945,nan,nan,,,333
,,,,,0.00015835453188086846,9.901271912852117e-05,334
1.3862969875335693,0,0.6921990513801575,nan,nan,,,334
,,,,,0.000158344700487304,9.90068202923825e-05,335
1.3862953186035156,0,0.6932907104492188,nan,nan,,,335
,,,,,0.00015833484013841334,9.900090408304811e-05,336
1.3862946033477783,0,0.6933566331863403,nan,nan,,,336
,,,,,0.0001583249508380892,9.899497050285363e-05,337
1.3862946033477783,0,0.6928113102912903,nan,nan,,,337
,,,,,0.0001583150325902357,9.898901955414152e-05,338
1.3862946033477783,0,0.6934800148010254,nan,nan,,,338
,,,,,0.00015830508539876843,9.898305123926116e-05,339
1.3862946033477783,0,0.6927636861801147,nan,nan,,,339
,,,,,0.00015829510926761435,9.897706556056872e-05,340
1.3862946033477783,0,0.6935839653015137,nan,nan,,,340
,,,,,0.00015828510420071192,9.897106252042726e-05,341
1.3862946033477783,0,0.692727267742157,nan,nan,,,341
,,,,,0.00015827507020201096,9.89650421212067e-05,342
1.3862946033477783,0,0.6937841773033142,nan,nan,,,342
,,,,,0.00015826500727547275,9.895900436528377e-05,343
1.3862948417663574,0,0.69195157289505,nan,nan,,,343
,,,,,0.00015825491542506996,9.895294925504208e-05,344
1.386296033859253,0,0.6951883435249329,nan,nan,,,344
,,,,,0.00015824479465478667,9.894687679287212e-05,345
1.3862990140914917,0,0.6902289390563965,nan,nan,,,345
,,,,,0.00015823464496861843,9.894078698117119e-05,346
1.3863036632537842,0,0.695898711681366,nan,nan,,,346
,,,,,0.00015822446637057217,9.893467982234344e-05,347
1.386303424835205,0,0.6908995509147644,nan,nan,,,347
,,,,,0.00015821425886466627,9.89285553187999e-05,348
1.3863000869750977,0,0.6947939991950989,nan,nan,,,348
,,,,,0.00015820402245493044,9.89224134729584e-05,349
1.3862974643707275,0,0.6922228932380676,nan,nan,,,349
,,,,,0.00015819375714540588,9.891625428724366e-05,350
1.3862950801849365,0,0.6931486129760742,nan,nan,,,350
,,,,,0.00015818346294014518,9.891007776408723e-05,351
1.3862944841384888,0,0.6935974955558777,nan,nan,,,351
,,,,,0.0001581731398432123,9.89038839059275e-05,352
1.3862947225570679,0,0.6924567222595215,nan,nan,,,352
,,,,,0.00015816278785868264,9.88976727152097e-05,353
1.386294960975647,0,0.6941469311714172,nan,nan,,,353
,,,,,0.000158152406990643,9.889144419438592e-05,354
1.3862953186035156,0,0.6921814680099487,nan,nan,,,354
,,,,,0.0001581419972431916,9.888519834591508e-05,355
1.3862955570220947,0,0.6941495537757874,nan,nan,,,355
,,,,,0.00015813155862043804,9.887893517226294e-05,356
1.3862955570220947,0,0.692357063293457,nan,nan,,,356
,,,,,0.00015812109112650332,9.88726546759021e-05,357
1.386295199394226,0,0.693661630153656,nan,nan,,,357
,,,,,0.00015811059476551984,9.886635685931201e-05,358
1.3862947225570679,0,0.6927828192710876,nan,nan,,,358
,,,,,0.00015810006954163137,9.886004172497894e-05,359
1.3862946033477783,0,0.6934153437614441,nan,nan,,,359
,,,,,0.00015808951545899315,9.885370927539601e-05,360
1.3862946033477783,0,0.6930873990058899,nan,nan,,,360
,,,,,0.00015807893252177172,9.884735951306314e-05,361
1.3862944841384888,0,0.6931837201118469,nan,nan,,,361
,,,,,0.00015806832073414509,9.884099244048717e-05,362
1.3862944841384888,0,0.6932368278503418,nan,nan,,,362
,,,,,0.00015805768010030262,9.883460806018168e-05,363
1.3862943649291992,0,0.6929704546928406,nan,nan,,,363
,,,,,0.00015804701062444504,9.882820637466713e-05,364
1.3862943649291992,0,0.6934416890144348,nan,nan,,,364
,,,,,0.0001580363123107845,9.882178738647081e-05,365
1.3862943649291992,0,0.6925655007362366,nan,nan,,,365
,,,,,0.00015802558516354455,9.881535109812683e-05,366
1.3862948417663574,0,0.6945608258247375,nan,nan,,,366
,,,,,0.00015801482918696008,9.880889751217616e-05,367
1.3862965106964111,0,0.6904909610748291,nan,nan,,,367
,,,,,0.00015800404438527738,9.880242663116653e-05,368
1.3863023519515991,0,0.6958074569702148,nan,nan,,,368
,,,,,0.00015799323076275414,9.879593845765258e-05,369
1.3863019943237305,0,0.691473662853241,nan,nan,,,369
,,,,,0.00015798238832365934,9.878943299419571e-05,370
1.3862972259521484,0,0.6940460205078125,nan,nan,,,370
,,,,,0.00015797151707227348,9.87829102433642e-05,371
1.3862955570220947,0,0.692156970500946,nan,nan,,,371
,,,,,0.00015796061701288828,9.877637020773309e-05,372
1.3862953186035156,0,0.6939021944999695,nan,nan,,,372
,,,,,0.000157949688149807,9.876981288988431e-05,373
1.3862950801849365,0,0.6926141977310181,nan,nan,,,373
,,,,,0.00015793873048734413,9.87632382924066e-05,374
1.3862948417663574,0,0.6934595108032227,nan,nan,,,374
,,,,,0.00015792774402982558,9.875664641789546e-05,375
1.3862947225570679,0,0.6926036477088928,nan,nan,,,375
,,,,,0.00015791672878158865,9.87500372689533e-05,376
1.3862947225570679,0,0.6939758658409119,nan,nan,,,376
,,,,,0.00015790568474698198,9.87434108481893e-05,377
1.3862953186035156,0,0.6919854283332825,nan,nan,,,377
,,,,,0.00015789461193036557,9.873676715821945e-05,378
1.3862957954406738,0,0.6945571303367615,nan,nan,,,378
,,,,,0.0001578835103361108,9.873010620166659e-05,379
1.3862965106964111,0,0.691739022731781,nan,nan,,,379
,,,,,0.00015787237996860038,9.872342798116034e-05,380
1.386296272277832,0,0.6941770911216736,nan,nan,,,380
,,,,,0.00015786122083222845,9.871673249933718e-05,381
1.3862955570220947,0,0.692618727684021,nan,nan,,,381
,,,,,0.0001578500329314004,9.871001975884035e-05,382
1.3862948417663574,0,0.6932688355445862,nan,nan,,,382
,,,,,0.00015783881627053312,9.870328976231998e-05,383
1.3862946033477783,0,0.6932699084281921,nan,nan,,,383
,,,,,0.00015782757085405468,9.869654251243292e-05,384
1.3862943649291992,0,0.6929790377616882,nan,nan,,,384
,,,,,0.00015781629668640466,9.86897780118429e-05,385
1.3862944841384888,0,0.6934478878974915,nan,nan,,,385
,,,,,0.0001578049937720339,9.868299626322044e-05,386
1.3862944841384888,0,0.6926897764205933,nan,nan,,,386
,,,,,0.0001577936621154046,9.867619726924285e-05,387
1.3862946033477783,0,0.6938223838806152,nan,nan,,,387
,,,,,0.00015778230172099032,9.86693810325943e-05,388
1.3862948417663574,0,0.6920197606086731,nan,nan,,,388
,,,,,0.00015777091259327596,9.866254755596568e-05,389
1.3862957954406738,0,0.6948657631874084,nan,nan,,,389
,,,,,0.00015775949473675776,9.865569684205477e-05,390
1.3862974643707275,0,0.6910601854324341,nan,nan,,,390
,,,,,0.00015774804815594338,9.864882889356614e-05,391
1.3862988948822021,0,0.6947697997093201,nan,nan,,,391
,,,,,0.00015773657285535165,9.86419437132111e-05,392
1.3862972259521484,0,0.6925609111785889,nan,nan,,,392
,,,,,0.00015772506883951292,9.863504130370786e-05,393
1.3862950801849365,0,0.6931959390640259,nan,nan,,,393
,,,,,0.00015771353611296874,9.862812166778134e-05,394
1.3862946033477783,0,0.69356369972229,nan,nan,,,394
,,,,,0.00015770197468027204,9.862118480816332e-05,395
1.3862946033477783,0,0.6921164989471436,nan,nan,,,395
,,,,,0.00015769038454598714,9.861423072759237e-05,396
1.3862957954406738,0,0.6956758499145508,nan,nan,,,396
,,,,,0.00015767876571468962,9.860725942881385e-05,397
1.3863015174865723,0,0.6903935670852661,nan,nan,,,397
,,,,,0.0001576671181909664,9.860027091457992e-05,398
1.38630211353302,0,0.6945618987083435,nan,nan,,,398
,,,,,0.00015765544197941575,9.859326518764953e-05,399
1.3862965106964111,0,0.6921963095664978,nan,nan,,,399
,,,,,0.00015764373708464723,9.858624225078842e-05,400
1.3862955570220947,0,0.6941457390785217,nan,nan,,,400
,,,,,0.00015763200351128176,9.857920210676914e-05,401
1.3862956762313843,0,0.6921795010566711,nan,nan,,,401
,,,,,0.00015762024126395155,9.857214475837103e-05,402
1.3862955570220947,0,0.6938326954841614,nan,nan,,,402
,,,,,0.0001576084503473002,9.856507020838021e-05,403
1.386294960975647,0,0.6928998827934265,nan,nan,,,403
,,,,,0.00015759663076598255,9.855797845958961e-05,404
1.3862946033477783,0,0.6931764483451843,nan,nan,,,404
,,,,,0.00015758478252466478,9.855086951479894e-05,405
1.3862943649291992,0,0.6931865811347961,nan,nan,,,405
,,,,,0.00015757290562802437,9.85437433768147e-05,406
1.3862943649291992,0,0.6930459141731262,nan,nan,,,406
,,,,,0.00015756100008075018,9.853660004845018e-05,407
1.3862944841384888,0,0.6933267712593079,nan,nan,,,407
,,,,,0.0001575490658875423,9.852943953252545e-05,408
1.3862944841384888,0,0.6928494572639465,nan,nan,,,408
,,,,,0.00015753710305311215,9.852226183186736e-05,409
1.3862943649291992,0,0.6936383247375488,nan,nan,,,409
,,,,,0.00015752511158218248,9.851506694930955e-05,410
1.3862946033477783,0,0.6922954320907593,nan,nan,,,410
,,,,,0.0001575130914794873,9.850785488769247e-05,411
1.3862950801849365,0,0.6948564648628235,nan,nan,,,411
,,,,,0.00015750104274977206,9.850062564986332e-05,412
1.3862972259521484,0,0.6906090378761292,nan,nan,,,412
,,,,,0.0001574889653977933,9.849337923867606e-05,413
1.386300802230835,0,0.695162296295166,nan,nan,,,413
,,,,,0.000157476859428319,9.848611565699149e-05,414
1.386298656463623,0,0.6924418807029724,nan,nan,,,414
,,,,,0.00015746472484612844,9.847883490767715e-05,415
1.3862950801849365,0,0.6928669810295105,nan,nan,,,415
,,,,,0.0001574525616560121,9.847153699360735e-05,416
1.3862946033477783,0,0.6938936114311218,nan,nan,,,416
,,,,,0.00015744036986277185,9.84642219176632e-05,417
1.386295199394226,0,0.6922189593315125,nan,nan,,,417
,,,,,0.0001574281494712208,9.845688968273259e-05,418
1.3862954378128052,0,0.6939046382904053,nan,nan,,,418
,,,,,0.00015741590048618342,9.844954029171015e-05,419
1.3862950801849365,0,0.6927919387817383,nan,nan,,,419
,,,,,0.00015740362291249535,9.844217374749732e-05,420
1.3862946033477783,0,0.6932669878005981,nan,nan,,,420
,,,,,0.0001573913167550036,9.843479005300228e-05,421
1.3862946033477783,0,0.6931102871894836,nan,nan,,,421
,,,,,0.00015737898201856646,9.842738921114001e-05,422
1.3862943649291992,0,0.6931793093681335,nan,nan,,,422
,,,,,0.00015736661870805347,9.841997122483223e-05,423
1.3862943649291992,0,0.6931376457214355,nan,nan,,,423
,,,,,0.0001573542268283455,9.841253609700745e-05,424
1.3862943649291992,0,0.6931670308113098,nan,nan,,,424
,,,,,0.00015734180638433463,9.840508383060093e-05,425
1.3862943649291992,0,0.6931399703025818,nan,nan,,,425
,,,,,0.00015732935738092428,9.839761442855472e-05,426
1.3862943649291992,0,0.6932124495506287,nan,nan,,,426
,,,,,0.0001573168798230291,9.839012789381762e-05,427
1.3862943649291992,0,0.6930294036865234,nan,nan,,,427
,,,,,0.00015730437371557507,9.83826242293452e-05,428
1.3862943649291992,0,0.6934623718261719,nan,nan,,,428
,,,,,0.0001572918390634994,9.837510343809978e-05,429
1.3862946033477783,0,0.6921975016593933,nan,nan,,,429
,,,,,0.00015727927587175052,9.836756552305046e-05,430
1.386296033859253,0,0.6955377459526062,nan,nan,,,430
,,,,,0.0001572666841452882,9.836001048717306e-05,431
1.3863005638122559,0,0.6895589828491211,nan,nan,,,431
,,,,,0.00015725406388908349,9.835243833345022e-05,432
1.386310338973999,0,0.6956170797348022,nan,nan,,,432
,,,,,0.0001572414151081186,9.83448490648713e-05,433
1.3863004446029663,0,0.6903306841850281,nan,nan,,,433
,,,,,0.00015722873780738713,9.833724268443241e-05,434
1.3863025903701782,0,0.696556568145752,nan,nan,,,434
,,,,,0.00015721603199189387,9.832961919513645e-05,435
1.3863067626953125,0,0.6920168399810791,nan,nan,,,435
,,,,,0.00015720329766665483,9.832197859999303e-05,436
1.3862959146499634,0,0.6929370760917664,nan,nan,,,436
,,,,,0.00015719053483669734,9.831432090201853e-05,437
1.3862947225570679,0,0.693976104259491,nan,nan,,,437
,,,,,0.00015717774350706,9.830664610423613e-05,438
1.3862950801849365,0,0.692026674747467,nan,nan,,,438
,,,,,0.0001571649236827926,9.829895420967568e-05,439
1.3862957954406738,0,0.6939778327941895,nan,nan,,,439
,,,,,0.0001571520753689562,9.829124522137383e-05,440
1.3862950801849365,0,0.6927669644355774,nan,nan,,,440
,,,,,0.00015713919857062312,9.828351914237398e-05,441
1.3862948417663574,0,0.6932413578033447,nan,nan,,,441
,,,,,0.0001571262932928769,9.827577597572625e-05,442
1.3862944841384888,0,0.6931748390197754,nan,nan,,,442
,,,,,0.00015711335954081236,9.826801572448752e-05,443
1.3862943649291992,0,0.6931299567222595,nan,nan,,,443
,,,,,0.00015710039731953553,9.826023839172143e-05,444
1.3862944841384888,0,0.6931576132774353,nan,nan,,,444
,,,,,0.00015708740663416366,9.82524439804983e-05,445
1.3862943649291992,0,0.6931052803993225,nan,nan,,,445
,,,,,0.0001570743874898253,9.824463249389529e-05,446
1.3862944841384888,0,0.693188488483429,nan,nan,,,446
,,,,,0.0001570613398916602,9.823680393499622e-05,447
1.3862943649291992,0,0.6931259632110596,nan,nan,,,447
,,,,,0.00015704826384481936,9.822895830689171e-05,448
1.3862943649291992,0,0.6932204365730286,nan,nan,,,448
,,,,,0.00015703515935446498,9.822109561267908e-05,449
1.3862943649291992,0,0.6929895281791687,nan,nan,,,449
,,,,,0.0001570220264257705,9.821321585546239e-05,450
1.3862943649291992,0,0.6935325860977173,nan,nan,,,450
,,,,,0.00015700886506392057,9.820531903835244e-05,451
1.3862946033477783,0,0.6922030448913574,nan,nan,,,451
,,,,,0.00015699567527411115,9.819740516446679e-05,452
1.3862953186035156,0,0.6951138973236084,nan,nan,,,452
,,,,,0.0001569824570615493,9.818947423692968e-05,453
1.3862981796264648,0,0.6905387043952942,nan,nan,,,453
,,,,,0.00015696921043145337,9.818152625887213e-05,454
1.3863012790679932,0,0.6946251392364502,nan,nan,,,454
,,,,,0.00015695593538905296,9.817356123343189e-05,455
1.3862965106964111,0,0.6932852864265442,nan,nan,,,455
,,,,,0.00015694263193958882,9.816557916375341e-05,456
1.3862944841384888,0,0.6922858357429504,nan,nan,,,456
,,,,,0.00015692930008831294,9.815758005298786e-05,457
1.3862950801849365,0,0.6937286257743835,nan,nan,,,457
,,,,,0.00015691593984048854,9.814956390429323e-05,458
1.3862948417663574,0,0.6930675506591797,nan,nan,,,458
,,,,,0.00015690255120139,9.81415307208341e-05,459
1.3862943649291992,0,0.6929195523262024,nan,nan,,,459
,,,,,0.00015688913417630297,9.813348050578187e-05,460
1.3862946033477783,0,0.6934456825256348,nan,nan,,,460
,,,,,0.0001568756887705243,9.812541326231465e-05,461
1.3862944841384888,0,0.6927838325500488,nan,nan,,,461
,,,,,0.00015686221498936194,9.811732899361724e-05,462
1.3862946033477783,0,0.6935023665428162,nan,nan,,,462
,,,,,0.0001568487128381352,9.810922770288121e-05,463
1.3862946033477783,0,0.6927947998046875,nan,nan,,,463
,,,,,0.0001568351823221745,9.810110939330479e-05,464
1.3862946033477783,0,0.6934944987297058,nan,nan,,,464
,,,,,0.00015682162344682145,9.809297406809296e-05,465
1.3862946033477783,0,0.6926895976066589,nan,nan,,,465
,,,,,0.0001568080362174289,9.808482173045743e-05,466
1.3862946033477783,0,0.6936855316162109,nan,nan,,,466
,,,,,0.0001567944206393609,9.807665238361663e-05,467
1.3862947225570679,0,0.6923379302024841,nan,nan,,,467
,,,,,0.00015678077671799263,9.806846603079566e-05,468
1.3862950801849365,0,0.6946573257446289,nan,nan,,,468
,,,,,0.00015676710445871047,9.806026267522636e-05,469
1.3862968683242798,0,0.6909415125846863,nan,nan,,,469
,,,,,0.00015675340386691206,9.805204232014732e-05,470
1.3862993717193604,0,0.6955100893974304,nan,nan,,,470
,,,,,0.00015673967494800615,9.804380496880378e-05,471
1.3863000869750977,0,0.6917685866355896,nan,nan,,,471
,,,,,0.00015672591770741272,9.803555062444772e-05,472
1.3862966299057007,0,0.6935168504714966,nan,nan,,,472
,,,,,0.00015671213215056289,9.802727929033782e-05,473
1.3862946033477783,0,0.6935530304908752,nan,nan,,,473
,,,,,0.00015669831828289896,9.801899096973946e-05,474
1.3862946033477783,0,0.6924942135810852,nan,nan,,,474
,,,,,0.00015668447610987449,9.801068566592479e-05,475
1.386294960975647,0,0.6938002705574036,nan,nan,,,475
,,,,,0.0001566706056369541,9.800236338217257e-05,476
1.3862948417663574,0,0.6926696300506592,nan,nan,,,476
,,,,,0.00015665670686961368,9.79940241217683e-05,477
1.3862947225570679,0,0.693386435508728,nan,nan,,,477
,,,,,0.00015664277981334017,9.79856678880042e-05,478
1.3862944841384888,0,0.693038284778595,nan,nan,,,478
,,,,,0.00015662882447363183,9.797729468417919e-05,479
1.3862943649291992,0,0.6931933760643005,nan,nan,,,479
